roasting_id,roasting_method,source_bean_country,source_bean_type,month,year,price_per_unit
0,Medium,Vietnam,Arabica,1,2013,10.44
0,Medium,Vietnam,Arabica,2,2013,10.44
0,Medium,Vietnam,Arabica,3,2013,10.44
0,Medium,Vietnam,Arabica,4,2013,10.44
0,Medium,Vietnam,Arabica,5,2013,12.04
0,Medium,Vietnam,Arabica,6,2013,12.04
0,Medium,Vietnam,Arabica,7,2013,12.04
0,Medium,Vietnam,Arabica,8,2013,12.04
0,Medium,Vietnam,Arabica,9,2013,12.04
0,Medium,Vietnam,Arabica,10,2013,12.04
0,Medium,Vietnam,Arabica,11,2013,12.04
0,Medium,Vietnam,Arabica,12,2013,12.04
0,Medium,Vietnam,Arabica,1,2014,12.04
0,Medium,Vietnam,Arabica,2,2014,12.04
0,Medium,Vietnam,Arabica,3,2014,12.04
0,Medium,Vietnam,Arabica,4,2014,12.04
0,Medium,Vietnam,Arabica,5,2014,12.04
0,Medium,Vietnam,Arabica,6,2014,12.04
0,Medium,Vietnam,Arabica,7,2014,12.04
0,Medium,Vietnam,Arabica,8,2014,12.04
0,Medium,Vietnam,Arabica,9,2014,12.04
0,Medium,Vietnam,Arabica,10,2014,12.04
0,Medium,Vietnam,Arabica,11,2014,13.7
0,Medium,Vietnam,Arabica,12,2014,13.7
0,Medium,Vietnam,Arabica,1,2015,13.7
0,Medium,Vietnam,Arabica,2,2015,13.7
0,Medium,Vietnam,Arabica,3,2015,13.7
0,Medium,Vietnam,Arabica,4,2015,13.7
0,Medium,Vietnam,Arabica,5,2015,13.7
0,Medium,Vietnam,Arabica,6,2015,13.7
0,Medium,Vietnam,Arabica,7,2015,13.7
0,Medium,Vietnam,Arabica,8,2015,13.7
0,Medium,Vietnam,Arabica,9,2015,13.7
0,Medium,Vietnam,Arabica,10,2015,13.7
0,Medium,Vietnam,Arabica,11,2015,13.7
0,Medium,Vietnam,Arabica,12,2015,13.7
0,Medium,Vietnam,Arabica,1,2016,13.7
0,Medium,Vietnam,Arabica,2,2016,13.7
0,Medium,Vietnam,Arabica,3,2016,13.7
0,Medium,Vietnam,Arabica,4,2016,13.7
0,Medium,Vietnam,Arabica,5,2016,13.7
0,Medium,Vietnam,Arabica,6,2016,13.7
0,Medium,Vietnam,Arabica,7,2016,13.7
0,Medium,Vietnam,Arabica,8,2016,13.7
0,Medium,Vietnam,Arabica,9,2016,13.7
0,Medium,Vietnam,Arabica,10,2016,13.7
0,Medium,Vietnam,Arabica,11,2016,13.7
0,Medium,Vietnam,Arabica,12,2016,13.7
0,Medium,Vietnam,Arabica,1,2017,13.7
0,Medium,Vietnam,Arabica,2,2017,13.7
0,Medium,Vietnam,Arabica,3,2017,13.7
0,Medium,Vietnam,Arabica,4,2017,13.7
0,Medium,Vietnam,Arabica,5,2017,13.7
0,Medium,Vietnam,Arabica,6,2017,13.7
0,Medium,Vietnam,Arabica,7,2017,13.7
0,Medium,Vietnam,Arabica,8,2017,13.7
0,Medium,Vietnam,Arabica,9,2017,13.7
0,Medium,Vietnam,Arabica,10,2017,13.7
0,Medium,Vietnam,Arabica,11,2017,13.7
0,Medium,Vietnam,Arabica,12,2017,13.7
0,Medium,Vietnam,Arabica,1,2018,13.7
0,Medium,Vietnam,Arabica,2,2018,13.7
0,Medium,Vietnam,Arabica,3,2018,13.7
0,Medium,Vietnam,Arabica,4,2018,13.7
0,Medium,Vietnam,Arabica,5,2018,13.7
0,Medium,Vietnam,Arabica,6,2018,13.7
0,Medium,Vietnam,Arabica,7,2018,13.7
0,Medium,Vietnam,Arabica,8,2018,13.7
0,Medium,Vietnam,Arabica,9,2018,13.7
0,Medium,Vietnam,Arabica,10,2018,13.7
0,Medium,Vietnam,Arabica,11,2018,13.7
0,Medium,Vietnam,Arabica,12,2018,14.74
0,Medium,Vietnam,Arabica,1,2019,16.03
0,Medium,Vietnam,Arabica,2,2019,16.03
0,Medium,Vietnam,Arabica,3,2019,16.03
0,Medium,Vietnam,Arabica,4,2019,16.03
0,Medium,Vietnam,Arabica,5,2019,16.03
0,Medium,Vietnam,Arabica,6,2019,16.03
0,Medium,Vietnam,Arabica,7,2019,16.03
0,Medium,Vietnam,Arabica,8,2019,16.03
0,Medium,Vietnam,Arabica,9,2019,16.03
0,Medium,Vietnam,Arabica,10,2019,16.03
0,Medium,Vietnam,Arabica,11,2019,16.03
0,Medium,Vietnam,Arabica,12,2019,16.03
0,Medium,Vietnam,Arabica,1,2020,17.7
0,Medium,Vietnam,Arabica,2,2020,17.7
0,Medium,Vietnam,Arabica,3,2020,17.7
0,Medium,Vietnam,Arabica,4,2020,17.7
0,Medium,Vietnam,Arabica,5,2020,17.7
0,Medium,Vietnam,Arabica,6,2020,17.7
0,Medium,Vietnam,Arabica,7,2020,17.7
0,Medium,Vietnam,Arabica,8,2020,17.7
0,Medium,Vietnam,Arabica,9,2020,17.7
0,Medium,Vietnam,Arabica,10,2020,17.7
0,Medium,Vietnam,Arabica,11,2020,18.23
0,Medium,Vietnam,Arabica,12,2020,19.27
0,Medium,Vietnam,Arabica,1,2021,19.27
0,Medium,Vietnam,Arabica,2,2021,19.27
0,Medium,Vietnam,Arabica,3,2021,19.27
0,Medium,Vietnam,Arabica,4,2021,19.27
0,Medium,Vietnam,Arabica,5,2021,19.27
0,Medium,Vietnam,Arabica,6,2021,19.27
0,Medium,Vietnam,Arabica,7,2021,19.27
0,Medium,Vietnam,Arabica,8,2021,19.27
0,Medium,Vietnam,Arabica,9,2021,18.92
0,Medium,Vietnam,Arabica,10,2021,18.92
0,Medium,Vietnam,Arabica,11,2021,18.92
0,Medium,Vietnam,Arabica,12,2021,18.92
0,Medium,Vietnam,Arabica,1,2022,18.92
0,Medium,Vietnam,Arabica,2,2022,18.92
0,Medium,Vietnam,Arabica,3,2022,18.92
0,Medium,Vietnam,Arabica,4,2022,18.92
0,Medium,Vietnam,Arabica,5,2022,18.92
0,Medium,Vietnam,Arabica,6,2022,18.92
0,Medium,Vietnam,Arabica,7,2022,18.92
0,Medium,Vietnam,Arabica,8,2022,18.92
0,Medium,Vietnam,Arabica,9,2022,18.92
0,Medium,Vietnam,Arabica,10,2022,18.92
0,Medium,Vietnam,Arabica,11,2022,19.85
0,Medium,Vietnam,Arabica,12,2022,19.85
1,Dark,Vietnam,Robusta,1,2013,7.23
1,Dark,Vietnam,Robusta,2,2013,7.23
1,Dark,Vietnam,Robusta,3,2013,7.23
1,Dark,Vietnam,Robusta,4,2013,7.23
1,Dark,Vietnam,Robusta,5,2013,7.23
1,Dark,Vietnam,Robusta,6,2013,7.23
1,Dark,Vietnam,Robusta,7,2013,7.23
1,Dark,Vietnam,Robusta,8,2013,7.23
1,Dark,Vietnam,Robusta,9,2013,7.23
1,Dark,Vietnam,Robusta,10,2013,7.23
1,Dark,Vietnam,Robusta,11,2013,7.23
1,Dark,Vietnam,Robusta,12,2013,7.23
1,Dark,Vietnam,Robusta,1,2014,7.23
1,Dark,Vietnam,Robusta,2,2014,7.23
1,Dark,Vietnam,Robusta,3,2014,7.23
1,Dark,Vietnam,Robusta,4,2014,7.23
1,Dark,Vietnam,Robusta,5,2014,7.23
1,Dark,Vietnam,Robusta,6,2014,7.23
1,Dark,Vietnam,Robusta,7,2014,7.23
1,Dark,Vietnam,Robusta,8,2014,7.23
1,Dark,Vietnam,Robusta,9,2014,7.23
1,Dark,Vietnam,Robusta,10,2014,7.23
1,Dark,Vietnam,Robusta,11,2014,7.23
1,Dark,Vietnam,Robusta,12,2014,7.23
1,Dark,Vietnam,Robusta,1,2015,7.23
1,Dark,Vietnam,Robusta,2,2015,7.23
1,Dark,Vietnam,Robusta,3,2015,7.23
1,Dark,Vietnam,Robusta,4,2015,7.23
1,Dark,Vietnam,Robusta,5,2015,7.23
1,Dark,Vietnam,Robusta,6,2015,7.23
1,Dark,Vietnam,Robusta,7,2015,7.23
1,Dark,Vietnam,Robusta,8,2015,7.23
1,Dark,Vietnam,Robusta,9,2015,7.23
1,Dark,Vietnam,Robusta,10,2015,7.23
1,Dark,Vietnam,Robusta,11,2015,7.23
1,Dark,Vietnam,Robusta,12,2015,7.23
1,Dark,Vietnam,Robusta,1,2016,7.23
1,Dark,Vietnam,Robusta,2,2016,7.23
1,Dark,Vietnam,Robusta,3,2016,9.08
1,Dark,Vietnam,Robusta,4,2016,9.08
1,Dark,Vietnam,Robusta,5,2016,9.08
1,Dark,Vietnam,Robusta,6,2016,9.08
1,Dark,Vietnam,Robusta,7,2016,9.08
1,Dark,Vietnam,Robusta,8,2016,9.08
1,Dark,Vietnam,Robusta,9,2016,9.08
1,Dark,Vietnam,Robusta,10,2016,9.08
1,Dark,Vietnam,Robusta,11,2016,9.08
1,Dark,Vietnam,Robusta,12,2016,9.08
1,Dark,Vietnam,Robusta,1,2017,9.08
1,Dark,Vietnam,Robusta,2,2017,9.08
1,Dark,Vietnam,Robusta,3,2017,9.08
1,Dark,Vietnam,Robusta,4,2017,9.08
1,Dark,Vietnam,Robusta,5,2017,9.08
1,Dark,Vietnam,Robusta,6,2017,9.08
1,Dark,Vietnam,Robusta,7,2017,9.08
1,Dark,Vietnam,Robusta,8,2017,9.08
1,Dark,Vietnam,Robusta,9,2017,10.84
1,Dark,Vietnam,Robusta,10,2017,10.84
1,Dark,Vietnam,Robusta,11,2017,10.84
1,Dark,Vietnam,Robusta,12,2017,10.84
1,Dark,Vietnam,Robusta,1,2018,10.84
1,Dark,Vietnam,Robusta,2,2018,10.84
1,Dark,Vietnam,Robusta,3,2018,12.21
1,Dark,Vietnam,Robusta,4,2018,12.21
1,Dark,Vietnam,Robusta,5,2018,12.21
1,Dark,Vietnam,Robusta,6,2018,12.21
1,Dark,Vietnam,Robusta,7,2018,12.21
1,Dark,Vietnam,Robusta,8,2018,12.21
1,Dark,Vietnam,Robusta,9,2018,12.21
1,Dark,Vietnam,Robusta,10,2018,12.21
1,Dark,Vietnam,Robusta,11,2018,12.21
1,Dark,Vietnam,Robusta,12,2018,12.21
1,Dark,Vietnam,Robusta,1,2019,12.21
1,Dark,Vietnam,Robusta,2,2019,12.21
1,Dark,Vietnam,Robusta,3,2019,12.21
1,Dark,Vietnam,Robusta,4,2019,12.21
1,Dark,Vietnam,Robusta,5,2019,12.21
1,Dark,Vietnam,Robusta,6,2019,12.21
1,Dark,Vietnam,Robusta,7,2019,12.21
1,Dark,Vietnam,Robusta,8,2019,12.21
1,Dark,Vietnam,Robusta,9,2019,12.21
1,Dark,Vietnam,Robusta,10,2019,12.21
1,Dark,Vietnam,Robusta,11,2019,12.21
1,Dark,Vietnam,Robusta,12,2019,12.21
1,Dark,Vietnam,Robusta,1,2020,13.28
1,Dark,Vietnam,Robusta,2,2020,13.46
1,Dark,Vietnam,Robusta,3,2020,13.46
1,Dark,Vietnam,Robusta,4,2020,13.46
1,Dark,Vietnam,Robusta,5,2020,13.09
1,Dark,Vietnam,Robusta,6,2020,12.76
1,Dark,Vietnam,Robusta,7,2020,12.76
1,Dark,Vietnam,Robusta,8,2020,12.76
1,Dark,Vietnam,Robusta,9,2020,12.76
1,Dark,Vietnam,Robusta,10,2020,12.76
1,Dark,Vietnam,Robusta,11,2020,12.76
1,Dark,Vietnam,Robusta,12,2020,12.76
1,Dark,Vietnam,Robusta,1,2021,12.76
1,Dark,Vietnam,Robusta,2,2021,12.76
1,Dark,Vietnam,Robusta,3,2021,12.76
1,Dark,Vietnam,Robusta,4,2021,12.76
1,Dark,Vietnam,Robusta,5,2021,12.76
1,Dark,Vietnam,Robusta,6,2021,12.76
1,Dark,Vietnam,Robusta,7,2021,12.76
1,Dark,Vietnam,Robusta,8,2021,12.76
1,Dark,Vietnam,Robusta,9,2021,12.76
1,Dark,Vietnam,Robusta,10,2021,12.76
1,Dark,Vietnam,Robusta,11,2021,12.76
1,Dark,Vietnam,Robusta,12,2021,12.76
1,Dark,Vietnam,Robusta,1,2022,12.76
1,Dark,Vietnam,Robusta,2,2022,12.76
1,Dark,Vietnam,Robusta,3,2022,12.76
1,Dark,Vietnam,Robusta,4,2022,12.76
1,Dark,Vietnam,Robusta,5,2022,12.76
1,Dark,Vietnam,Robusta,6,2022,12.76
1,Dark,Vietnam,Robusta,7,2022,12.76
1,Dark,Vietnam,Robusta,8,2022,12.76
1,Dark,Vietnam,Robusta,9,2022,12.76
1,Dark,Vietnam,Robusta,10,2022,12.76
1,Dark,Vietnam,Robusta,11,2022,12.76
1,Dark,Vietnam,Robusta,12,2022,12.76
2,Cold Brew,Vietnam,Robusta,1,2013,13.8
2,Cold Brew,Vietnam,Robusta,2,2013,13.8
2,Cold Brew,Vietnam,Robusta,3,2013,13.8
2,Cold Brew,Vietnam,Robusta,4,2013,13.8
2,Cold Brew,Vietnam,Robusta,5,2013,13.8
2,Cold Brew,Vietnam,Robusta,6,2013,13.8
2,Cold Brew,Vietnam,Robusta,7,2013,13.8
2,Cold Brew,Vietnam,Robusta,8,2013,13.8
2,Cold Brew,Vietnam,Robusta,9,2013,13.8
2,Cold Brew,Vietnam,Robusta,10,2013,13.8
2,Cold Brew,Vietnam,Robusta,11,2013,13.8
2,Cold Brew,Vietnam,Robusta,12,2013,13.8
2,Cold Brew,Vietnam,Robusta,1,2014,13.8
2,Cold Brew,Vietnam,Robusta,2,2014,13.8
2,Cold Brew,Vietnam,Robusta,3,2014,13.8
2,Cold Brew,Vietnam,Robusta,4,2014,13.8
2,Cold Brew,Vietnam,Robusta,5,2014,13.66
2,Cold Brew,Vietnam,Robusta,6,2014,13.66
2,Cold Brew,Vietnam,Robusta,7,2014,13.38
2,Cold Brew,Vietnam,Robusta,8,2014,13.38
2,Cold Brew,Vietnam,Robusta,9,2014,13.38
2,Cold Brew,Vietnam,Robusta,10,2014,13.38
2,Cold Brew,Vietnam,Robusta,11,2014,14.99
2,Cold Brew,Vietnam,Robusta,12,2014,14.99
2,Cold Brew,Vietnam,Robusta,1,2015,14.99
2,Cold Brew,Vietnam,Robusta,2,2015,14.99
2,Cold Brew,Vietnam,Robusta,3,2015,14.99
2,Cold Brew,Vietnam,Robusta,4,2015,14.99
2,Cold Brew,Vietnam,Robusta,5,2015,14.99
2,Cold Brew,Vietnam,Robusta,6,2015,14.99
2,Cold Brew,Vietnam,Robusta,7,2015,16.41
2,Cold Brew,Vietnam,Robusta,8,2015,16.41
2,Cold Brew,Vietnam,Robusta,9,2015,16.41
2,Cold Brew,Vietnam,Robusta,10,2015,16.41
2,Cold Brew,Vietnam,Robusta,11,2015,16.41
2,Cold Brew,Vietnam,Robusta,12,2015,16.41
2,Cold Brew,Vietnam,Robusta,1,2016,16.41
2,Cold Brew,Vietnam,Robusta,2,2016,16.41
2,Cold Brew,Vietnam,Robusta,3,2016,16.41
2,Cold Brew,Vietnam,Robusta,4,2016,16.41
2,Cold Brew,Vietnam,Robusta,5,2016,16.41
2,Cold Brew,Vietnam,Robusta,6,2016,16.41
2,Cold Brew,Vietnam,Robusta,7,2016,16.41
2,Cold Brew,Vietnam,Robusta,8,2016,16.41
2,Cold Brew,Vietnam,Robusta,9,2016,16.41
2,Cold Brew,Vietnam,Robusta,10,2016,16.41
2,Cold Brew,Vietnam,Robusta,11,2016,16.41
2,Cold Brew,Vietnam,Robusta,12,2016,16.41
2,Cold Brew,Vietnam,Robusta,1,2017,16.41
2,Cold Brew,Vietnam,Robusta,2,2017,16.41
2,Cold Brew,Vietnam,Robusta,3,2017,16.41
2,Cold Brew,Vietnam,Robusta,4,2017,16.41
2,Cold Brew,Vietnam,Robusta,5,2017,16.41
2,Cold Brew,Vietnam,Robusta,6,2017,16.41
2,Cold Brew,Vietnam,Robusta,7,2017,16.41
2,Cold Brew,Vietnam,Robusta,8,2017,16.41
2,Cold Brew,Vietnam,Robusta,9,2017,16.41
2,Cold Brew,Vietnam,Robusta,10,2017,16.41
2,Cold Brew,Vietnam,Robusta,11,2017,16.41
2,Cold Brew,Vietnam,Robusta,12,2017,16.41
2,Cold Brew,Vietnam,Robusta,1,2018,16.41
2,Cold Brew,Vietnam,Robusta,2,2018,16.41
2,Cold Brew,Vietnam,Robusta,3,2018,16.41
2,Cold Brew,Vietnam,Robusta,4,2018,16.41
2,Cold Brew,Vietnam,Robusta,5,2018,16.41
2,Cold Brew,Vietnam,Robusta,6,2018,16.41
2,Cold Brew,Vietnam,Robusta,7,2018,16.41
2,Cold Brew,Vietnam,Robusta,8,2018,16.41
2,Cold Brew,Vietnam,Robusta,9,2018,16.41
2,Cold Brew,Vietnam,Robusta,10,2018,16.41
2,Cold Brew,Vietnam,Robusta,11,2018,16.41
2,Cold Brew,Vietnam,Robusta,12,2018,16.41
2,Cold Brew,Vietnam,Robusta,1,2019,16.41
2,Cold Brew,Vietnam,Robusta,2,2019,16.41
2,Cold Brew,Vietnam,Robusta,3,2019,16.41
2,Cold Brew,Vietnam,Robusta,4,2019,16.41
2,Cold Brew,Vietnam,Robusta,5,2019,16.41
2,Cold Brew,Vietnam,Robusta,6,2019,16.41
2,Cold Brew,Vietnam,Robusta,7,2019,16.41
2,Cold Brew,Vietnam,Robusta,8,2019,16.41
2,Cold Brew,Vietnam,Robusta,9,2019,16.41
2,Cold Brew,Vietnam,Robusta,10,2019,16.41
2,Cold Brew,Vietnam,Robusta,11,2019,16.41
2,Cold Brew,Vietnam,Robusta,12,2019,16.41
2,Cold Brew,Vietnam,Robusta,1,2020,17.11
2,Cold Brew,Vietnam,Robusta,2,2020,17.51
2,Cold Brew,Vietnam,Robusta,3,2020,17.51
2,Cold Brew,Vietnam,Robusta,4,2020,17.51
2,Cold Brew,Vietnam,Robusta,5,2020,17.51
2,Cold Brew,Vietnam,Robusta,6,2020,17.51
2,Cold Brew,Vietnam,Robusta,7,2020,17.51
2,Cold Brew,Vietnam,Robusta,8,2020,17.51
2,Cold Brew,Vietnam,Robusta,9,2020,17.51
2,Cold Brew,Vietnam,Robusta,10,2020,17.51
2,Cold Brew,Vietnam,Robusta,11,2020,17.59
2,Cold Brew,Vietnam,Robusta,12,2020,17.59
2,Cold Brew,Vietnam,Robusta,1,2021,17.59
2,Cold Brew,Vietnam,Robusta,2,2021,17.59
2,Cold Brew,Vietnam,Robusta,3,2021,17.59
2,Cold Brew,Vietnam,Robusta,4,2021,17.59
2,Cold Brew,Vietnam,Robusta,5,2021,17.59
2,Cold Brew,Vietnam,Robusta,6,2021,17.59
2,Cold Brew,Vietnam,Robusta,7,2021,17.59
2,Cold Brew,Vietnam,Robusta,8,2021,17.59
2,Cold Brew,Vietnam,Robusta,9,2021,17.59
2,Cold Brew,Vietnam,Robusta,10,2021,17.59
2,Cold Brew,Vietnam,Robusta,11,2021,17.59
2,Cold Brew,Vietnam,Robusta,12,2021,17.59
2,Cold Brew,Vietnam,Robusta,1,2022,17.59
2,Cold Brew,Vietnam,Robusta,2,2022,17.59
2,Cold Brew,Vietnam,Robusta,3,2022,17.59
2,Cold Brew,Vietnam,Robusta,4,2022,17.59
2,Cold Brew,Vietnam,Robusta,5,2022,17.59
2,Cold Brew,Vietnam,Robusta,6,2022,17.59
2,Cold Brew,Vietnam,Robusta,7,2022,17.59
2,Cold Brew,Vietnam,Robusta,8,2022,17.59
2,Cold Brew,Vietnam,Robusta,9,2022,17.59
2,Cold Brew,Vietnam,Robusta,10,2022,17.93
2,Cold Brew,Vietnam,Robusta,11,2022,17.93
2,Cold Brew,Vietnam,Robusta,12,2022,17.93
3,Medium,China,Arabica,1,2013,10.85
3,Medium,China,Arabica,2,2013,10.85
3,Medium,China,Arabica,3,2013,10.85
3,Medium,China,Arabica,4,2013,10.85
3,Medium,China,Arabica,5,2013,10.85
3,Medium,China,Arabica,6,2013,10.85
3,Medium,China,Arabica,7,2013,10.85
3,Medium,China,Arabica,8,2013,10.85
3,Medium,China,Arabica,9,2013,10.85
3,Medium,China,Arabica,10,2013,10.85
3,Medium,China,Arabica,11,2013,10.85
3,Medium,China,Arabica,12,2013,10.85
3,Medium,China,Arabica,1,2014,10.85
3,Medium,China,Arabica,2,2014,10.85
3,Medium,China,Arabica,3,2014,10.85
3,Medium,China,Arabica,4,2014,10.85
3,Medium,China,Arabica,5,2014,10.85
3,Medium,China,Arabica,6,2014,10.85
3,Medium,China,Arabica,7,2014,10.85
3,Medium,China,Arabica,8,2014,10.85
3,Medium,China,Arabica,9,2014,10.85
3,Medium,China,Arabica,10,2014,10.85
3,Medium,China,Arabica,11,2014,10.85
3,Medium,China,Arabica,12,2014,10.85
3,Medium,China,Arabica,1,2015,10.85
3,Medium,China,Arabica,2,2015,10.85
3,Medium,China,Arabica,3,2015,10.85
3,Medium,China,Arabica,4,2015,10.85
3,Medium,China,Arabica,5,2015,10.85
3,Medium,China,Arabica,6,2015,10.85
3,Medium,China,Arabica,7,2015,10.85
3,Medium,China,Arabica,8,2015,10.85
3,Medium,China,Arabica,9,2015,10.85
3,Medium,China,Arabica,10,2015,10.85
3,Medium,China,Arabica,11,2015,10.85
3,Medium,China,Arabica,12,2015,10.85
3,Medium,China,Arabica,1,2016,10.85
3,Medium,China,Arabica,2,2016,10.85
3,Medium,China,Arabica,3,2016,10.85
3,Medium,China,Arabica,4,2016,10.85
3,Medium,China,Arabica,5,2016,10.85
3,Medium,China,Arabica,6,2016,10.85
3,Medium,China,Arabica,7,2016,10.85
3,Medium,China,Arabica,8,2016,10.85
3,Medium,China,Arabica,9,2016,10.85
3,Medium,China,Arabica,10,2016,10.85
3,Medium,China,Arabica,11,2016,10.85
3,Medium,China,Arabica,12,2016,10.85
3,Medium,China,Arabica,1,2017,10.85
3,Medium,China,Arabica,2,2017,10.85
3,Medium,China,Arabica,3,2017,10.85
3,Medium,China,Arabica,4,2017,10.85
3,Medium,China,Arabica,5,2017,10.85
3,Medium,China,Arabica,6,2017,10.85
3,Medium,China,Arabica,7,2017,10.85
3,Medium,China,Arabica,8,2017,11.61
3,Medium,China,Arabica,9,2017,11.61
3,Medium,China,Arabica,10,2017,11.61
3,Medium,China,Arabica,11,2017,11.61
3,Medium,China,Arabica,12,2017,11.61
3,Medium,China,Arabica,1,2018,11.61
3,Medium,China,Arabica,2,2018,11.61
3,Medium,China,Arabica,3,2018,11.61
3,Medium,China,Arabica,4,2018,11.61
3,Medium,China,Arabica,5,2018,11.61
3,Medium,China,Arabica,6,2018,11.61
3,Medium,China,Arabica,7,2018,11.61
3,Medium,China,Arabica,8,2018,11.61
3,Medium,China,Arabica,9,2018,11.61
3,Medium,China,Arabica,10,2018,11.61
3,Medium,China,Arabica,11,2018,11.61
3,Medium,China,Arabica,12,2018,11.61
3,Medium,China,Arabica,1,2019,11.61
3,Medium,China,Arabica,2,2019,11.61
3,Medium,China,Arabica,3,2019,11.61
3,Medium,China,Arabica,4,2019,11.61
3,Medium,China,Arabica,5,2019,11.61
3,Medium,China,Arabica,6,2019,11.61
3,Medium,China,Arabica,7,2019,11.61
3,Medium,China,Arabica,8,2019,11.61
3,Medium,China,Arabica,9,2019,11.61
3,Medium,China,Arabica,10,2019,11.61
3,Medium,China,Arabica,11,2019,11.61
3,Medium,China,Arabica,12,2019,11.61
3,Medium,China,Arabica,1,2020,11.61
3,Medium,China,Arabica,2,2020,13.12
3,Medium,China,Arabica,3,2020,13.12
3,Medium,China,Arabica,4,2020,13.12
3,Medium,China,Arabica,5,2020,13.12
3,Medium,China,Arabica,6,2020,13.12
3,Medium,China,Arabica,7,2020,13.12
3,Medium,China,Arabica,8,2020,13.12
3,Medium,China,Arabica,9,2020,14.55
3,Medium,China,Arabica,10,2020,14.55
3,Medium,China,Arabica,11,2020,14.55
3,Medium,China,Arabica,12,2020,14.55
3,Medium,China,Arabica,1,2021,15.3
3,Medium,China,Arabica,2,2021,15.3
3,Medium,China,Arabica,3,2021,15.3
3,Medium,China,Arabica,4,2021,15.3
3,Medium,China,Arabica,5,2021,15.3
3,Medium,China,Arabica,6,2021,15.3
3,Medium,China,Arabica,7,2021,15.3
3,Medium,China,Arabica,8,2021,15.3
3,Medium,China,Arabica,9,2021,15.3
3,Medium,China,Arabica,10,2021,15.3
3,Medium,China,Arabica,11,2021,15.3
3,Medium,China,Arabica,12,2021,15.3
3,Medium,China,Arabica,1,2022,15.3
3,Medium,China,Arabica,2,2022,15.3
3,Medium,China,Arabica,3,2022,15.3
3,Medium,China,Arabica,4,2022,15.3
3,Medium,China,Arabica,5,2022,15.3
3,Medium,China,Arabica,6,2022,15.3
3,Medium,China,Arabica,7,2022,15.3
3,Medium,China,Arabica,8,2022,15.3
3,Medium,China,Arabica,9,2022,15.3
3,Medium,China,Arabica,10,2022,15.3
3,Medium,China,Arabica,11,2022,15.3
3,Medium,China,Arabica,12,2022,15.3
4,Dark,Colombia,Robusta,1,2013,14.32
4,Dark,Colombia,Robusta,2,2013,14.32
4,Dark,Colombia,Robusta,3,2013,14.32
4,Dark,Colombia,Robusta,4,2013,14.32
4,Dark,Colombia,Robusta,5,2013,14.32
4,Dark,Colombia,Robusta,6,2013,14.01
4,Dark,Colombia,Robusta,7,2013,14.01
4,Dark,Colombia,Robusta,8,2013,14.01
4,Dark,Colombia,Robusta,9,2013,14.01
4,Dark,Colombia,Robusta,10,2013,14.01
4,Dark,Colombia,Robusta,11,2013,14.01
4,Dark,Colombia,Robusta,12,2013,14.01
4,Dark,Colombia,Robusta,1,2014,14.01
4,Dark,Colombia,Robusta,2,2014,14.01
4,Dark,Colombia,Robusta,3,2014,14.01
4,Dark,Colombia,Robusta,4,2014,14.01
4,Dark,Colombia,Robusta,5,2014,14.01
4,Dark,Colombia,Robusta,6,2014,14.01
4,Dark,Colombia,Robusta,7,2014,14.01
4,Dark,Colombia,Robusta,8,2014,14.01
4,Dark,Colombia,Robusta,9,2014,14.01
4,Dark,Colombia,Robusta,10,2014,14.01
4,Dark,Colombia,Robusta,11,2014,14.01
4,Dark,Colombia,Robusta,12,2014,14.01
4,Dark,Colombia,Robusta,1,2015,14.01
4,Dark,Colombia,Robusta,2,2015,14.03
4,Dark,Colombia,Robusta,3,2015,14.03
4,Dark,Colombia,Robusta,4,2015,14.03
4,Dark,Colombia,Robusta,5,2015,14.03
4,Dark,Colombia,Robusta,6,2015,14.03
4,Dark,Colombia,Robusta,7,2015,14.03
4,Dark,Colombia,Robusta,8,2015,14.03
4,Dark,Colombia,Robusta,9,2015,14.03
4,Dark,Colombia,Robusta,10,2015,14.03
4,Dark,Colombia,Robusta,11,2015,13.81
4,Dark,Colombia,Robusta,12,2015,13.81
4,Dark,Colombia,Robusta,1,2016,13.81
4,Dark,Colombia,Robusta,2,2016,13.81
4,Dark,Colombia,Robusta,3,2016,14.43
4,Dark,Colombia,Robusta,4,2016,14.43
4,Dark,Colombia,Robusta,5,2016,14.43
4,Dark,Colombia,Robusta,6,2016,14.43
4,Dark,Colombia,Robusta,7,2016,14.43
4,Dark,Colombia,Robusta,8,2016,14.43
4,Dark,Colombia,Robusta,9,2016,16.34
4,Dark,Colombia,Robusta,10,2016,16.34
4,Dark,Colombia,Robusta,11,2016,16.34
4,Dark,Colombia,Robusta,12,2016,16.34
4,Dark,Colombia,Robusta,1,2017,16.34
4,Dark,Colombia,Robusta,2,2017,16.34
4,Dark,Colombia,Robusta,3,2017,16.34
4,Dark,Colombia,Robusta,4,2017,16.34
4,Dark,Colombia,Robusta,5,2017,16.34
4,Dark,Colombia,Robusta,6,2017,16.34
4,Dark,Colombia,Robusta,7,2017,16.34
4,Dark,Colombia,Robusta,8,2017,16.34
4,Dark,Colombia,Robusta,9,2017,16.34
4,Dark,Colombia,Robusta,10,2017,16.34
4,Dark,Colombia,Robusta,11,2017,16.34
4,Dark,Colombia,Robusta,12,2017,16.34
4,Dark,Colombia,Robusta,1,2018,16.34
4,Dark,Colombia,Robusta,2,2018,16.34
4,Dark,Colombia,Robusta,3,2018,16.34
4,Dark,Colombia,Robusta,4,2018,16.34
4,Dark,Colombia,Robusta,5,2018,16.34
4,Dark,Colombia,Robusta,6,2018,16.34
4,Dark,Colombia,Robusta,7,2018,16.34
4,Dark,Colombia,Robusta,8,2018,16.34
4,Dark,Colombia,Robusta,9,2018,15.92
4,Dark,Colombia,Robusta,10,2018,15.92
4,Dark,Colombia,Robusta,11,2018,15.92
4,Dark,Colombia,Robusta,12,2018,15.55
4,Dark,Colombia,Robusta,1,2019,15.55
4,Dark,Colombia,Robusta,2,2019,15.55
4,Dark,Colombia,Robusta,3,2019,15.55
4,Dark,Colombia,Robusta,4,2019,15.55
4,Dark,Colombia,Robusta,5,2019,15.55
4,Dark,Colombia,Robusta,6,2019,15.55
4,Dark,Colombia,Robusta,7,2019,15.55
4,Dark,Colombia,Robusta,8,2019,15.55
4,Dark,Colombia,Robusta,9,2019,15.82
4,Dark,Colombia,Robusta,10,2019,15.82
4,Dark,Colombia,Robusta,11,2019,15.82
4,Dark,Colombia,Robusta,12,2019,15.82
4,Dark,Colombia,Robusta,1,2020,15.82
4,Dark,Colombia,Robusta,2,2020,15.82
4,Dark,Colombia,Robusta,3,2020,15.82
4,Dark,Colombia,Robusta,4,2020,17.17
4,Dark,Colombia,Robusta,5,2020,17.17
4,Dark,Colombia,Robusta,6,2020,17.17
4,Dark,Colombia,Robusta,7,2020,17.17
4,Dark,Colombia,Robusta,8,2020,17.17
4,Dark,Colombia,Robusta,9,2020,17.09
4,Dark,Colombia,Robusta,10,2020,17.09
4,Dark,Colombia,Robusta,11,2020,17.09
4,Dark,Colombia,Robusta,12,2020,18.37
4,Dark,Colombia,Robusta,1,2021,19.03
4,Dark,Colombia,Robusta,2,2021,19.03
4,Dark,Colombia,Robusta,3,2021,19.03
4,Dark,Colombia,Robusta,4,2021,19.03
4,Dark,Colombia,Robusta,5,2021,19.03
4,Dark,Colombia,Robusta,6,2021,19.03
4,Dark,Colombia,Robusta,7,2021,19.03
4,Dark,Colombia,Robusta,8,2021,19.03
4,Dark,Colombia,Robusta,9,2021,19.03
4,Dark,Colombia,Robusta,10,2021,19.03
4,Dark,Colombia,Robusta,11,2021,19.03
4,Dark,Colombia,Robusta,12,2021,19.03
4,Dark,Colombia,Robusta,1,2022,19.03
4,Dark,Colombia,Robusta,2,2022,19.03
4,Dark,Colombia,Robusta,3,2022,19.03
4,Dark,Colombia,Robusta,4,2022,19.03
4,Dark,Colombia,Robusta,5,2022,19.03
4,Dark,Colombia,Robusta,6,2022,19.03
4,Dark,Colombia,Robusta,7,2022,19.03
4,Dark,Colombia,Robusta,8,2022,19.03
4,Dark,Colombia,Robusta,9,2022,19.03
4,Dark,Colombia,Robusta,10,2022,19.03
4,Dark,Colombia,Robusta,11,2022,19.03
4,Dark,Colombia,Robusta,12,2022,18.92
5,Medium,Vietnam,Robusta,1,2013,14.85
5,Medium,Vietnam,Robusta,2,2013,14.85
5,Medium,Vietnam,Robusta,3,2013,14.85
5,Medium,Vietnam,Robusta,4,2013,14.85
5,Medium,Vietnam,Robusta,5,2013,14.85
5,Medium,Vietnam,Robusta,6,2013,14.85
5,Medium,Vietnam,Robusta,7,2013,14.85
5,Medium,Vietnam,Robusta,8,2013,14.85
5,Medium,Vietnam,Robusta,9,2013,14.85
5,Medium,Vietnam,Robusta,10,2013,14.85
5,Medium,Vietnam,Robusta,11,2013,14.85
5,Medium,Vietnam,Robusta,12,2013,14.85
5,Medium,Vietnam,Robusta,1,2014,16.37
5,Medium,Vietnam,Robusta,2,2014,16.37
5,Medium,Vietnam,Robusta,3,2014,16.37
5,Medium,Vietnam,Robusta,4,2014,16.37
5,Medium,Vietnam,Robusta,5,2014,16.37
5,Medium,Vietnam,Robusta,6,2014,16.37
5,Medium,Vietnam,Robusta,7,2014,16.37
5,Medium,Vietnam,Robusta,8,2014,16.37
5,Medium,Vietnam,Robusta,9,2014,16.37
5,Medium,Vietnam,Robusta,10,2014,16.37
5,Medium,Vietnam,Robusta,11,2014,16.37
5,Medium,Vietnam,Robusta,12,2014,16.37
5,Medium,Vietnam,Robusta,1,2015,16.37
5,Medium,Vietnam,Robusta,2,2015,16.37
5,Medium,Vietnam,Robusta,3,2015,16.37
5,Medium,Vietnam,Robusta,4,2015,16.37
5,Medium,Vietnam,Robusta,5,2015,16.37
5,Medium,Vietnam,Robusta,6,2015,16.37
5,Medium,Vietnam,Robusta,7,2015,16.37
5,Medium,Vietnam,Robusta,8,2015,16.37
5,Medium,Vietnam,Robusta,9,2015,16.37
5,Medium,Vietnam,Robusta,10,2015,16.37
5,Medium,Vietnam,Robusta,11,2015,16.62
5,Medium,Vietnam,Robusta,12,2015,16.62
5,Medium,Vietnam,Robusta,1,2016,16.62
5,Medium,Vietnam,Robusta,2,2016,16.62
5,Medium,Vietnam,Robusta,3,2016,16.62
5,Medium,Vietnam,Robusta,4,2016,16.62
5,Medium,Vietnam,Robusta,5,2016,16.62
5,Medium,Vietnam,Robusta,6,2016,16.62
5,Medium,Vietnam,Robusta,7,2016,16.62
5,Medium,Vietnam,Robusta,8,2016,16.62
5,Medium,Vietnam,Robusta,9,2016,16.62
5,Medium,Vietnam,Robusta,10,2016,16.62
5,Medium,Vietnam,Robusta,11,2016,16.62
5,Medium,Vietnam,Robusta,12,2016,16.62
5,Medium,Vietnam,Robusta,1,2017,16.62
5,Medium,Vietnam,Robusta,2,2017,16.62
5,Medium,Vietnam,Robusta,3,2017,16.62
5,Medium,Vietnam,Robusta,4,2017,16.62
5,Medium,Vietnam,Robusta,5,2017,16.62
5,Medium,Vietnam,Robusta,6,2017,16.62
5,Medium,Vietnam,Robusta,7,2017,16.62
5,Medium,Vietnam,Robusta,8,2017,16.62
5,Medium,Vietnam,Robusta,9,2017,16.62
5,Medium,Vietnam,Robusta,10,2017,16.62
5,Medium,Vietnam,Robusta,11,2017,16.62
5,Medium,Vietnam,Robusta,12,2017,16.62
5,Medium,Vietnam,Robusta,1,2018,16.62
5,Medium,Vietnam,Robusta,2,2018,16.62
5,Medium,Vietnam,Robusta,3,2018,16.62
5,Medium,Vietnam,Robusta,4,2018,16.62
5,Medium,Vietnam,Robusta,5,2018,16.62
5,Medium,Vietnam,Robusta,6,2018,16.62
5,Medium,Vietnam,Robusta,7,2018,16.62
5,Medium,Vietnam,Robusta,8,2018,16.62
5,Medium,Vietnam,Robusta,9,2018,18.51
5,Medium,Vietnam,Robusta,10,2018,20.24
5,Medium,Vietnam,Robusta,11,2018,20.12
5,Medium,Vietnam,Robusta,12,2018,20.12
5,Medium,Vietnam,Robusta,1,2019,20.12
5,Medium,Vietnam,Robusta,2,2019,20.12
5,Medium,Vietnam,Robusta,3,2019,20.12
5,Medium,Vietnam,Robusta,4,2019,20.12
5,Medium,Vietnam,Robusta,5,2019,20.12
5,Medium,Vietnam,Robusta,6,2019,20.79
5,Medium,Vietnam,Robusta,7,2019,20.79
5,Medium,Vietnam,Robusta,8,2019,20.79
5,Medium,Vietnam,Robusta,9,2019,20.79
5,Medium,Vietnam,Robusta,10,2019,20.79
5,Medium,Vietnam,Robusta,11,2019,20.79
5,Medium,Vietnam,Robusta,12,2019,20.79
5,Medium,Vietnam,Robusta,1,2020,20.79
5,Medium,Vietnam,Robusta,2,2020,21.23
5,Medium,Vietnam,Robusta,3,2020,21.23
5,Medium,Vietnam,Robusta,4,2020,21.23
5,Medium,Vietnam,Robusta,5,2020,21.23
5,Medium,Vietnam,Robusta,6,2020,23.12
5,Medium,Vietnam,Robusta,7,2020,23.55
5,Medium,Vietnam,Robusta,8,2020,23.55
5,Medium,Vietnam,Robusta,9,2020,23.55
5,Medium,Vietnam,Robusta,10,2020,24.62
5,Medium,Vietnam,Robusta,11,2020,26.5
5,Medium,Vietnam,Robusta,12,2020,28.46
5,Medium,Vietnam,Robusta,1,2021,28.46
5,Medium,Vietnam,Robusta,2,2021,28.46
5,Medium,Vietnam,Robusta,3,2021,28.46
5,Medium,Vietnam,Robusta,4,2021,28.46
5,Medium,Vietnam,Robusta,5,2021,28.46
5,Medium,Vietnam,Robusta,6,2021,28.46
5,Medium,Vietnam,Robusta,7,2021,28.46
5,Medium,Vietnam,Robusta,8,2021,28.46
5,Medium,Vietnam,Robusta,9,2021,28.46
5,Medium,Vietnam,Robusta,10,2021,28.46
5,Medium,Vietnam,Robusta,11,2021,28.46
5,Medium,Vietnam,Robusta,12,2021,28.46
5,Medium,Vietnam,Robusta,1,2022,28.46
5,Medium,Vietnam,Robusta,2,2022,28.46
5,Medium,Vietnam,Robusta,3,2022,28.46
5,Medium,Vietnam,Robusta,4,2022,28.46
5,Medium,Vietnam,Robusta,5,2022,28.46
5,Medium,Vietnam,Robusta,6,2022,28.46
5,Medium,Vietnam,Robusta,7,2022,28.05
5,Medium,Vietnam,Robusta,8,2022,28.05
5,Medium,Vietnam,Robusta,9,2022,28.05
5,Medium,Vietnam,Robusta,10,2022,28.05
5,Medium,Vietnam,Robusta,11,2022,28.05
5,Medium,Vietnam,Robusta,12,2022,28.05
7,Dark,Vietnam,Arabica,1,2013,5.95
7,Dark,Vietnam,Arabica,2,2013,5.95
7,Dark,Vietnam,Arabica,3,2013,5.95
7,Dark,Vietnam,Arabica,4,2013,5.95
7,Dark,Vietnam,Arabica,5,2013,5.95
7,Dark,Vietnam,Arabica,6,2013,5.95
7,Dark,Vietnam,Arabica,7,2013,5.95
7,Dark,Vietnam,Arabica,8,2013,5.95
7,Dark,Vietnam,Arabica,9,2013,5.95
7,Dark,Vietnam,Arabica,10,2013,5.95
7,Dark,Vietnam,Arabica,11,2013,5.95
7,Dark,Vietnam,Arabica,12,2013,5.95
7,Dark,Vietnam,Arabica,1,2014,5.95
7,Dark,Vietnam,Arabica,2,2014,5.95
7,Dark,Vietnam,Arabica,3,2014,5.95
7,Dark,Vietnam,Arabica,4,2014,5.95
7,Dark,Vietnam,Arabica,5,2014,5.95
7,Dark,Vietnam,Arabica,6,2014,5.95
7,Dark,Vietnam,Arabica,7,2014,5.95
7,Dark,Vietnam,Arabica,8,2014,5.95
7,Dark,Vietnam,Arabica,9,2014,5.95
7,Dark,Vietnam,Arabica,10,2014,5.95
7,Dark,Vietnam,Arabica,11,2014,5.95
7,Dark,Vietnam,Arabica,12,2014,5.95
7,Dark,Vietnam,Arabica,1,2015,5.95
7,Dark,Vietnam,Arabica,2,2015,6.66
7,Dark,Vietnam,Arabica,3,2015,6.66
7,Dark,Vietnam,Arabica,4,2015,6.66
7,Dark,Vietnam,Arabica,5,2015,6.66
7,Dark,Vietnam,Arabica,6,2015,6.66
7,Dark,Vietnam,Arabica,7,2015,6.66
7,Dark,Vietnam,Arabica,8,2015,6.66
7,Dark,Vietnam,Arabica,9,2015,6.66
7,Dark,Vietnam,Arabica,10,2015,6.66
7,Dark,Vietnam,Arabica,11,2015,6.66
7,Dark,Vietnam,Arabica,12,2015,6.66
7,Dark,Vietnam,Arabica,1,2016,6.66
7,Dark,Vietnam,Arabica,2,2016,6.66
7,Dark,Vietnam,Arabica,3,2016,6.66
7,Dark,Vietnam,Arabica,4,2016,7.38
7,Dark,Vietnam,Arabica,5,2016,7.38
7,Dark,Vietnam,Arabica,6,2016,7.38
7,Dark,Vietnam,Arabica,7,2016,7.38
7,Dark,Vietnam,Arabica,8,2016,7.38
7,Dark,Vietnam,Arabica,9,2016,7.38
7,Dark,Vietnam,Arabica,10,2016,7.38
7,Dark,Vietnam,Arabica,11,2016,7.38
7,Dark,Vietnam,Arabica,12,2016,7.38
7,Dark,Vietnam,Arabica,1,2017,7.42
7,Dark,Vietnam,Arabica,2,2017,7.71
7,Dark,Vietnam,Arabica,3,2017,7.71
7,Dark,Vietnam,Arabica,4,2017,7.71
7,Dark,Vietnam,Arabica,5,2017,8.25
7,Dark,Vietnam,Arabica,6,2017,8.25
7,Dark,Vietnam,Arabica,7,2017,8.25
7,Dark,Vietnam,Arabica,8,2017,8.25
7,Dark,Vietnam,Arabica,9,2017,8.25
7,Dark,Vietnam,Arabica,10,2017,8.25
7,Dark,Vietnam,Arabica,11,2017,8.25
7,Dark,Vietnam,Arabica,12,2017,8.25
7,Dark,Vietnam,Arabica,1,2018,8.25
7,Dark,Vietnam,Arabica,2,2018,8.25
7,Dark,Vietnam,Arabica,3,2018,8.25
7,Dark,Vietnam,Arabica,4,2018,8.25
7,Dark,Vietnam,Arabica,5,2018,8.25
7,Dark,Vietnam,Arabica,6,2018,8.25
7,Dark,Vietnam,Arabica,7,2018,8.25
7,Dark,Vietnam,Arabica,8,2018,8.25
7,Dark,Vietnam,Arabica,9,2018,8.25
7,Dark,Vietnam,Arabica,10,2018,8.25
7,Dark,Vietnam,Arabica,11,2018,8.25
7,Dark,Vietnam,Arabica,12,2018,8.25
7,Dark,Vietnam,Arabica,1,2019,8.25
7,Dark,Vietnam,Arabica,2,2019,8.25
7,Dark,Vietnam,Arabica,3,2019,8.25
7,Dark,Vietnam,Arabica,4,2019,8.25
7,Dark,Vietnam,Arabica,5,2019,8.25
7,Dark,Vietnam,Arabica,6,2019,8.25
7,Dark,Vietnam,Arabica,7,2019,8.25
7,Dark,Vietnam,Arabica,8,2019,8.25
7,Dark,Vietnam,Arabica,9,2019,8.73
7,Dark,Vietnam,Arabica,10,2019,8.73
7,Dark,Vietnam,Arabica,11,2019,8.73
7,Dark,Vietnam,Arabica,12,2019,8.73
7,Dark,Vietnam,Arabica,1,2020,8.6
7,Dark,Vietnam,Arabica,2,2020,8.63
7,Dark,Vietnam,Arabica,3,2020,8.63
7,Dark,Vietnam,Arabica,4,2020,8.4
7,Dark,Vietnam,Arabica,5,2020,8.86
7,Dark,Vietnam,Arabica,6,2020,8.86
7,Dark,Vietnam,Arabica,7,2020,9.28
7,Dark,Vietnam,Arabica,8,2020,9.28
7,Dark,Vietnam,Arabica,9,2020,9.28
7,Dark,Vietnam,Arabica,10,2020,10.9
7,Dark,Vietnam,Arabica,11,2020,10.9
7,Dark,Vietnam,Arabica,12,2020,10.9
7,Dark,Vietnam,Arabica,1,2021,10.9
7,Dark,Vietnam,Arabica,2,2021,10.9
7,Dark,Vietnam,Arabica,3,2021,10.9
7,Dark,Vietnam,Arabica,4,2021,10.9
7,Dark,Vietnam,Arabica,5,2021,10.9
7,Dark,Vietnam,Arabica,6,2021,10.9
7,Dark,Vietnam,Arabica,7,2021,10.9
7,Dark,Vietnam,Arabica,8,2021,10.9
7,Dark,Vietnam,Arabica,9,2021,10.9
7,Dark,Vietnam,Arabica,10,2021,10.9
7,Dark,Vietnam,Arabica,11,2021,10.9
7,Dark,Vietnam,Arabica,12,2021,10.9
7,Dark,Vietnam,Arabica,1,2022,10.9
7,Dark,Vietnam,Arabica,2,2022,10.9
7,Dark,Vietnam,Arabica,3,2022,10.9
7,Dark,Vietnam,Arabica,4,2022,10.9
7,Dark,Vietnam,Arabica,5,2022,10.9
7,Dark,Vietnam,Arabica,6,2022,10.9
7,Dark,Vietnam,Arabica,7,2022,10.9
7,Dark,Vietnam,Arabica,8,2022,10.9
7,Dark,Vietnam,Arabica,9,2022,10.9
7,Dark,Vietnam,Arabica,10,2022,10.9
7,Dark,Vietnam,Arabica,11,2022,10.9
7,Dark,Vietnam,Arabica,12,2022,10.9
10,Dark,Brazil,Arabica,1,2013,9.63
10,Dark,Brazil,Arabica,2,2013,9.63
10,Dark,Brazil,Arabica,3,2013,9.63
10,Dark,Brazil,Arabica,4,2013,9.63
10,Dark,Brazil,Arabica,5,2013,9.63
10,Dark,Brazil,Arabica,6,2013,9.63
10,Dark,Brazil,Arabica,7,2013,9.63
10,Dark,Brazil,Arabica,8,2013,9.63
10,Dark,Brazil,Arabica,9,2013,9.63
10,Dark,Brazil,Arabica,10,2013,9.63
10,Dark,Brazil,Arabica,11,2013,9.63
10,Dark,Brazil,Arabica,12,2013,9.63
10,Dark,Brazil,Arabica,1,2014,9.63
10,Dark,Brazil,Arabica,2,2014,9.63
10,Dark,Brazil,Arabica,3,2014,9.63
10,Dark,Brazil,Arabica,4,2014,9.63
10,Dark,Brazil,Arabica,5,2014,9.63
10,Dark,Brazil,Arabica,6,2014,9.63
10,Dark,Brazil,Arabica,7,2014,9.63
10,Dark,Brazil,Arabica,8,2014,9.63
10,Dark,Brazil,Arabica,9,2014,9.63
10,Dark,Brazil,Arabica,10,2014,9.63
10,Dark,Brazil,Arabica,11,2014,9.63
10,Dark,Brazil,Arabica,12,2014,9.63
10,Dark,Brazil,Arabica,1,2015,9.63
10,Dark,Brazil,Arabica,2,2015,9.63
10,Dark,Brazil,Arabica,3,2015,9.63
10,Dark,Brazil,Arabica,4,2015,9.63
10,Dark,Brazil,Arabica,5,2015,9.63
10,Dark,Brazil,Arabica,6,2015,9.63
10,Dark,Brazil,Arabica,7,2015,9.63
10,Dark,Brazil,Arabica,8,2015,9.63
10,Dark,Brazil,Arabica,9,2015,9.63
10,Dark,Brazil,Arabica,10,2015,9.63
10,Dark,Brazil,Arabica,11,2015,9.63
10,Dark,Brazil,Arabica,12,2015,9.63
10,Dark,Brazil,Arabica,1,2016,9.63
10,Dark,Brazil,Arabica,2,2016,9.63
10,Dark,Brazil,Arabica,3,2016,9.63
10,Dark,Brazil,Arabica,4,2016,9.63
10,Dark,Brazil,Arabica,5,2016,9.63
10,Dark,Brazil,Arabica,6,2016,9.63
10,Dark,Brazil,Arabica,7,2016,9.63
10,Dark,Brazil,Arabica,8,2016,9.63
10,Dark,Brazil,Arabica,9,2016,9.63
10,Dark,Brazil,Arabica,10,2016,9.63
10,Dark,Brazil,Arabica,11,2016,9.63
10,Dark,Brazil,Arabica,12,2016,10.06
10,Dark,Brazil,Arabica,1,2017,10.06
10,Dark,Brazil,Arabica,2,2017,10.06
10,Dark,Brazil,Arabica,3,2017,10.06
10,Dark,Brazil,Arabica,4,2017,10.06
10,Dark,Brazil,Arabica,5,2017,10.06
10,Dark,Brazil,Arabica,6,2017,10.06
10,Dark,Brazil,Arabica,7,2017,10.06
10,Dark,Brazil,Arabica,8,2017,9.73
10,Dark,Brazil,Arabica,9,2017,11.44
10,Dark,Brazil,Arabica,10,2017,11.44
10,Dark,Brazil,Arabica,11,2017,11.44
10,Dark,Brazil,Arabica,12,2017,11.44
10,Dark,Brazil,Arabica,1,2018,12.77
10,Dark,Brazil,Arabica,2,2018,12.77
10,Dark,Brazil,Arabica,3,2018,12.77
10,Dark,Brazil,Arabica,4,2018,12.77
10,Dark,Brazil,Arabica,5,2018,12.77
10,Dark,Brazil,Arabica,6,2018,12.77
10,Dark,Brazil,Arabica,7,2018,12.77
10,Dark,Brazil,Arabica,8,2018,12.77
10,Dark,Brazil,Arabica,9,2018,12.77
10,Dark,Brazil,Arabica,10,2018,12.77
10,Dark,Brazil,Arabica,11,2018,12.77
10,Dark,Brazil,Arabica,12,2018,12.77
10,Dark,Brazil,Arabica,1,2019,12.77
10,Dark,Brazil,Arabica,2,2019,12.77
10,Dark,Brazil,Arabica,3,2019,12.77
10,Dark,Brazil,Arabica,4,2019,12.77
10,Dark,Brazil,Arabica,5,2019,12.77
10,Dark,Brazil,Arabica,6,2019,12.77
10,Dark,Brazil,Arabica,7,2019,12.77
10,Dark,Brazil,Arabica,8,2019,12.77
10,Dark,Brazil,Arabica,9,2019,12.77
10,Dark,Brazil,Arabica,10,2019,12.77
10,Dark,Brazil,Arabica,11,2019,12.77
10,Dark,Brazil,Arabica,12,2019,12.77
10,Dark,Brazil,Arabica,1,2020,13.86
10,Dark,Brazil,Arabica,2,2020,13.86
10,Dark,Brazil,Arabica,3,2020,14.96
10,Dark,Brazil,Arabica,4,2020,14.96
10,Dark,Brazil,Arabica,5,2020,14.96
10,Dark,Brazil,Arabica,6,2020,14.96
10,Dark,Brazil,Arabica,7,2020,14.96
10,Dark,Brazil,Arabica,8,2020,14.96
10,Dark,Brazil,Arabica,9,2020,14.96
10,Dark,Brazil,Arabica,10,2020,14.96
10,Dark,Brazil,Arabica,11,2020,14.96
10,Dark,Brazil,Arabica,12,2020,14.96
10,Dark,Brazil,Arabica,1,2021,14.96
10,Dark,Brazil,Arabica,2,2021,14.96
10,Dark,Brazil,Arabica,3,2021,14.96
10,Dark,Brazil,Arabica,4,2021,14.96
10,Dark,Brazil,Arabica,5,2021,14.96
10,Dark,Brazil,Arabica,6,2021,14.96
10,Dark,Brazil,Arabica,7,2021,14.96
10,Dark,Brazil,Arabica,8,2021,14.96
10,Dark,Brazil,Arabica,9,2021,14.96
10,Dark,Brazil,Arabica,10,2021,14.96
10,Dark,Brazil,Arabica,11,2021,14.96
10,Dark,Brazil,Arabica,12,2021,14.96
10,Dark,Brazil,Arabica,1,2022,14.96
10,Dark,Brazil,Arabica,2,2022,14.96
10,Dark,Brazil,Arabica,3,2022,14.96
10,Dark,Brazil,Arabica,4,2022,14.96
10,Dark,Brazil,Arabica,5,2022,14.96
10,Dark,Brazil,Arabica,6,2022,14.96
10,Dark,Brazil,Arabica,7,2022,14.96
10,Dark,Brazil,Arabica,8,2022,14.96
10,Dark,Brazil,Arabica,9,2022,14.96
10,Dark,Brazil,Arabica,10,2022,14.96
10,Dark,Brazil,Arabica,11,2022,14.96
10,Dark,Brazil,Arabica,12,2022,14.96
11,Medium,Ethiopia,Arabica,1,2013,5.6
11,Medium,Ethiopia,Arabica,2,2013,5.6
11,Medium,Ethiopia,Arabica,3,2013,5.6
11,Medium,Ethiopia,Arabica,4,2013,5.6
11,Medium,Ethiopia,Arabica,5,2013,5.6
11,Medium,Ethiopia,Arabica,6,2013,5.6
11,Medium,Ethiopia,Arabica,7,2013,5.6
11,Medium,Ethiopia,Arabica,8,2013,5.6
11,Medium,Ethiopia,Arabica,9,2013,5.6
11,Medium,Ethiopia,Arabica,10,2013,5.6
11,Medium,Ethiopia,Arabica,11,2013,5.6
11,Medium,Ethiopia,Arabica,12,2013,5.6
11,Medium,Ethiopia,Arabica,1,2014,6.35
11,Medium,Ethiopia,Arabica,2,2014,6.35
11,Medium,Ethiopia,Arabica,3,2014,6.35
11,Medium,Ethiopia,Arabica,4,2014,6.35
11,Medium,Ethiopia,Arabica,5,2014,6.35
11,Medium,Ethiopia,Arabica,6,2014,6.35
11,Medium,Ethiopia,Arabica,7,2014,6.35
11,Medium,Ethiopia,Arabica,8,2014,6.35
11,Medium,Ethiopia,Arabica,9,2014,6.35
11,Medium,Ethiopia,Arabica,10,2014,6.35
11,Medium,Ethiopia,Arabica,11,2014,6.35
11,Medium,Ethiopia,Arabica,12,2014,6.35
11,Medium,Ethiopia,Arabica,1,2015,6.35
11,Medium,Ethiopia,Arabica,2,2015,6.35
11,Medium,Ethiopia,Arabica,3,2015,6.35
11,Medium,Ethiopia,Arabica,4,2015,6.35
11,Medium,Ethiopia,Arabica,5,2015,6.35
11,Medium,Ethiopia,Arabica,6,2015,6.35
11,Medium,Ethiopia,Arabica,7,2015,6.35
11,Medium,Ethiopia,Arabica,8,2015,6.35
11,Medium,Ethiopia,Arabica,9,2015,6.35
11,Medium,Ethiopia,Arabica,10,2015,6.35
11,Medium,Ethiopia,Arabica,11,2015,6.35
11,Medium,Ethiopia,Arabica,12,2015,6.35
11,Medium,Ethiopia,Arabica,1,2016,6.35
11,Medium,Ethiopia,Arabica,2,2016,6.35
11,Medium,Ethiopia,Arabica,3,2016,6.35
11,Medium,Ethiopia,Arabica,4,2016,6.35
11,Medium,Ethiopia,Arabica,5,2016,6.35
11,Medium,Ethiopia,Arabica,6,2016,6.35
11,Medium,Ethiopia,Arabica,7,2016,6.35
11,Medium,Ethiopia,Arabica,8,2016,6.35
11,Medium,Ethiopia,Arabica,9,2016,6.35
11,Medium,Ethiopia,Arabica,10,2016,6.35
11,Medium,Ethiopia,Arabica,11,2016,6.35
11,Medium,Ethiopia,Arabica,12,2016,6.35
11,Medium,Ethiopia,Arabica,1,2017,6.35
11,Medium,Ethiopia,Arabica,2,2017,6.35
11,Medium,Ethiopia,Arabica,3,2017,6.35
11,Medium,Ethiopia,Arabica,4,2017,6.35
11,Medium,Ethiopia,Arabica,5,2017,6.35
11,Medium,Ethiopia,Arabica,6,2017,6.35
11,Medium,Ethiopia,Arabica,7,2017,6.35
11,Medium,Ethiopia,Arabica,8,2017,6.35
11,Medium,Ethiopia,Arabica,9,2017,6.35
11,Medium,Ethiopia,Arabica,10,2017,6.35
11,Medium,Ethiopia,Arabica,11,2017,6.35
11,Medium,Ethiopia,Arabica,12,2017,6.35
11,Medium,Ethiopia,Arabica,1,2018,6.35
11,Medium,Ethiopia,Arabica,2,2018,6.35
11,Medium,Ethiopia,Arabica,3,2018,6.35
11,Medium,Ethiopia,Arabica,4,2018,6.35
11,Medium,Ethiopia,Arabica,5,2018,6.35
11,Medium,Ethiopia,Arabica,6,2018,6.35
11,Medium,Ethiopia,Arabica,7,2018,6.35
11,Medium,Ethiopia,Arabica,8,2018,6.35
11,Medium,Ethiopia,Arabica,9,2018,6.35
11,Medium,Ethiopia,Arabica,10,2018,6.35
11,Medium,Ethiopia,Arabica,11,2018,6.35
11,Medium,Ethiopia,Arabica,12,2018,6.35
11,Medium,Ethiopia,Arabica,1,2019,6.35
11,Medium,Ethiopia,Arabica,2,2019,6.35
11,Medium,Ethiopia,Arabica,3,2019,6.35
11,Medium,Ethiopia,Arabica,4,2019,6.35
11,Medium,Ethiopia,Arabica,5,2019,6.35
11,Medium,Ethiopia,Arabica,6,2019,6.35
11,Medium,Ethiopia,Arabica,7,2019,6.35
11,Medium,Ethiopia,Arabica,8,2019,6.35
11,Medium,Ethiopia,Arabica,9,2019,6.35
11,Medium,Ethiopia,Arabica,10,2019,7.54
11,Medium,Ethiopia,Arabica,11,2019,7.54
11,Medium,Ethiopia,Arabica,12,2019,7.54
11,Medium,Ethiopia,Arabica,1,2020,7.54
11,Medium,Ethiopia,Arabica,2,2020,7.54
11,Medium,Ethiopia,Arabica,3,2020,7.54
11,Medium,Ethiopia,Arabica,4,2020,7.54
11,Medium,Ethiopia,Arabica,5,2020,7.54
11,Medium,Ethiopia,Arabica,6,2020,7.54
11,Medium,Ethiopia,Arabica,7,2020,7.54
11,Medium,Ethiopia,Arabica,8,2020,7.18
11,Medium,Ethiopia,Arabica,9,2020,7.94
11,Medium,Ethiopia,Arabica,10,2020,8.79
11,Medium,Ethiopia,Arabica,11,2020,8.79
11,Medium,Ethiopia,Arabica,12,2020,8.79
11,Medium,Ethiopia,Arabica,1,2021,8.79
11,Medium,Ethiopia,Arabica,2,2021,8.79
11,Medium,Ethiopia,Arabica,3,2021,8.79
11,Medium,Ethiopia,Arabica,4,2021,8.79
11,Medium,Ethiopia,Arabica,5,2021,8.79
11,Medium,Ethiopia,Arabica,6,2021,8.79
11,Medium,Ethiopia,Arabica,7,2021,8.79
11,Medium,Ethiopia,Arabica,8,2021,8.79
11,Medium,Ethiopia,Arabica,9,2021,8.79
11,Medium,Ethiopia,Arabica,10,2021,8.79
11,Medium,Ethiopia,Arabica,11,2021,8.79
11,Medium,Ethiopia,Arabica,12,2021,8.79
11,Medium,Ethiopia,Arabica,1,2022,8.79
11,Medium,Ethiopia,Arabica,2,2022,8.79
11,Medium,Ethiopia,Arabica,3,2022,8.79
11,Medium,Ethiopia,Arabica,4,2022,8.79
11,Medium,Ethiopia,Arabica,5,2022,8.79
11,Medium,Ethiopia,Arabica,6,2022,8.79
11,Medium,Ethiopia,Arabica,7,2022,8.79
11,Medium,Ethiopia,Arabica,8,2022,8.79
11,Medium,Ethiopia,Arabica,9,2022,8.79
11,Medium,Ethiopia,Arabica,10,2022,8.79
11,Medium,Ethiopia,Arabica,11,2022,8.79
11,Medium,Ethiopia,Arabica,12,2022,8.79
12,Light,Indonesia,Arabica,1,2013,13.28
12,Light,Indonesia,Arabica,2,2013,14.01
12,Light,Indonesia,Arabica,3,2013,14.01
12,Light,Indonesia,Arabica,4,2013,14.01
12,Light,Indonesia,Arabica,5,2013,14.01
12,Light,Indonesia,Arabica,6,2013,14.01
12,Light,Indonesia,Arabica,7,2013,14.01
12,Light,Indonesia,Arabica,8,2013,14.01
12,Light,Indonesia,Arabica,9,2013,14.01
12,Light,Indonesia,Arabica,10,2013,14.01
12,Light,Indonesia,Arabica,11,2013,14.01
12,Light,Indonesia,Arabica,12,2013,14.01
12,Light,Indonesia,Arabica,1,2014,14.01
12,Light,Indonesia,Arabica,2,2014,14.01
12,Light,Indonesia,Arabica,3,2014,14.01
12,Light,Indonesia,Arabica,4,2014,14.59
12,Light,Indonesia,Arabica,5,2014,16.07
12,Light,Indonesia,Arabica,6,2014,16.07
12,Light,Indonesia,Arabica,7,2014,16.07
12,Light,Indonesia,Arabica,8,2014,16.07
12,Light,Indonesia,Arabica,9,2014,16.07
12,Light,Indonesia,Arabica,10,2014,16.07
12,Light,Indonesia,Arabica,11,2014,16.07
12,Light,Indonesia,Arabica,12,2014,16.07
12,Light,Indonesia,Arabica,1,2015,16.07
12,Light,Indonesia,Arabica,2,2015,16.07
12,Light,Indonesia,Arabica,3,2015,16.07
12,Light,Indonesia,Arabica,4,2015,16.07
12,Light,Indonesia,Arabica,5,2015,16.07
12,Light,Indonesia,Arabica,6,2015,16.07
12,Light,Indonesia,Arabica,7,2015,16.07
12,Light,Indonesia,Arabica,8,2015,16.07
12,Light,Indonesia,Arabica,9,2015,16.07
12,Light,Indonesia,Arabica,10,2015,16.07
12,Light,Indonesia,Arabica,11,2015,16.07
12,Light,Indonesia,Arabica,12,2015,16.07
12,Light,Indonesia,Arabica,1,2016,16.07
12,Light,Indonesia,Arabica,2,2016,16.07
12,Light,Indonesia,Arabica,3,2016,16.07
12,Light,Indonesia,Arabica,4,2016,16.07
12,Light,Indonesia,Arabica,5,2016,16.07
12,Light,Indonesia,Arabica,6,2016,16.07
12,Light,Indonesia,Arabica,7,2016,16.07
12,Light,Indonesia,Arabica,8,2016,16.07
12,Light,Indonesia,Arabica,9,2016,16.07
12,Light,Indonesia,Arabica,10,2016,16.07
12,Light,Indonesia,Arabica,11,2016,16.07
12,Light,Indonesia,Arabica,12,2016,16.07
12,Light,Indonesia,Arabica,1,2017,16.07
12,Light,Indonesia,Arabica,2,2017,16.07
12,Light,Indonesia,Arabica,3,2017,16.07
12,Light,Indonesia,Arabica,4,2017,16.07
12,Light,Indonesia,Arabica,5,2017,16.07
12,Light,Indonesia,Arabica,6,2017,16.07
12,Light,Indonesia,Arabica,7,2017,16.41
12,Light,Indonesia,Arabica,8,2017,16.41
12,Light,Indonesia,Arabica,9,2017,16.41
12,Light,Indonesia,Arabica,10,2017,16.41
12,Light,Indonesia,Arabica,11,2017,16.44
12,Light,Indonesia,Arabica,12,2017,17.28
12,Light,Indonesia,Arabica,1,2018,17.28
12,Light,Indonesia,Arabica,2,2018,17.28
12,Light,Indonesia,Arabica,3,2018,17.28
12,Light,Indonesia,Arabica,4,2018,17.28
12,Light,Indonesia,Arabica,5,2018,17.28
12,Light,Indonesia,Arabica,6,2018,17.31
12,Light,Indonesia,Arabica,7,2018,17.31
12,Light,Indonesia,Arabica,8,2018,17.31
12,Light,Indonesia,Arabica,9,2018,17.31
12,Light,Indonesia,Arabica,10,2018,17.31
12,Light,Indonesia,Arabica,11,2018,17.31
12,Light,Indonesia,Arabica,12,2018,17.31
12,Light,Indonesia,Arabica,1,2019,17.31
12,Light,Indonesia,Arabica,2,2019,17.31
12,Light,Indonesia,Arabica,3,2019,17.31
12,Light,Indonesia,Arabica,4,2019,17.31
12,Light,Indonesia,Arabica,5,2019,17.31
12,Light,Indonesia,Arabica,6,2019,17.31
12,Light,Indonesia,Arabica,7,2019,17.31
12,Light,Indonesia,Arabica,8,2019,17.31
12,Light,Indonesia,Arabica,9,2019,17.31
12,Light,Indonesia,Arabica,10,2019,17.31
12,Light,Indonesia,Arabica,11,2019,17.31
12,Light,Indonesia,Arabica,12,2019,17.31
12,Light,Indonesia,Arabica,1,2020,17.31
12,Light,Indonesia,Arabica,2,2020,17.94
12,Light,Indonesia,Arabica,3,2020,19.79
12,Light,Indonesia,Arabica,4,2020,20.59
12,Light,Indonesia,Arabica,5,2020,20.59
12,Light,Indonesia,Arabica,6,2020,20.59
12,Light,Indonesia,Arabica,7,2020,20.26
12,Light,Indonesia,Arabica,8,2020,20.26
12,Light,Indonesia,Arabica,9,2020,19.82
12,Light,Indonesia,Arabica,10,2020,20.59
12,Light,Indonesia,Arabica,11,2020,20.95
12,Light,Indonesia,Arabica,12,2020,20.95
12,Light,Indonesia,Arabica,1,2021,20.95
12,Light,Indonesia,Arabica,2,2021,20.95
12,Light,Indonesia,Arabica,3,2021,20.95
12,Light,Indonesia,Arabica,4,2021,20.95
12,Light,Indonesia,Arabica,5,2021,20.95
12,Light,Indonesia,Arabica,6,2021,20.95
12,Light,Indonesia,Arabica,7,2021,20.95
12,Light,Indonesia,Arabica,8,2021,20.95
12,Light,Indonesia,Arabica,9,2021,20.95
12,Light,Indonesia,Arabica,10,2021,20.95
12,Light,Indonesia,Arabica,11,2021,20.95
12,Light,Indonesia,Arabica,12,2021,20.95
12,Light,Indonesia,Arabica,1,2022,20.95
12,Light,Indonesia,Arabica,2,2022,20.95
12,Light,Indonesia,Arabica,3,2022,20.95
12,Light,Indonesia,Arabica,4,2022,20.95
12,Light,Indonesia,Arabica,5,2022,20.95
12,Light,Indonesia,Arabica,6,2022,20.95
12,Light,Indonesia,Arabica,7,2022,20.95
12,Light,Indonesia,Arabica,8,2022,20.95
12,Light,Indonesia,Arabica,9,2022,20.95
12,Light,Indonesia,Arabica,10,2022,20.95
12,Light,Indonesia,Arabica,11,2022,20.95
12,Light,Indonesia,Arabica,12,2022,20.95
17,Dark,Ethiopia,Arabica,1,2013,12.38
17,Dark,Ethiopia,Arabica,2,2013,12.38
17,Dark,Ethiopia,Arabica,3,2013,12.38
17,Dark,Ethiopia,Arabica,4,2013,12.38
17,Dark,Ethiopia,Arabica,5,2013,12.38
17,Dark,Ethiopia,Arabica,6,2013,12.38
17,Dark,Ethiopia,Arabica,7,2013,12.38
17,Dark,Ethiopia,Arabica,8,2013,12.38
17,Dark,Ethiopia,Arabica,9,2013,12.38
17,Dark,Ethiopia,Arabica,10,2013,12.38
17,Dark,Ethiopia,Arabica,11,2013,12.38
17,Dark,Ethiopia,Arabica,12,2013,12.38
17,Dark,Ethiopia,Arabica,1,2014,12.38
17,Dark,Ethiopia,Arabica,2,2014,12.38
17,Dark,Ethiopia,Arabica,3,2014,12.38
17,Dark,Ethiopia,Arabica,4,2014,12.38
17,Dark,Ethiopia,Arabica,5,2014,12.38
17,Dark,Ethiopia,Arabica,6,2014,12.38
17,Dark,Ethiopia,Arabica,7,2014,12.38
17,Dark,Ethiopia,Arabica,8,2014,12.38
17,Dark,Ethiopia,Arabica,9,2014,12.38
17,Dark,Ethiopia,Arabica,10,2014,12.38
17,Dark,Ethiopia,Arabica,11,2014,12.38
17,Dark,Ethiopia,Arabica,12,2014,12.38
17,Dark,Ethiopia,Arabica,1,2015,13.71
17,Dark,Ethiopia,Arabica,2,2015,13.71
17,Dark,Ethiopia,Arabica,3,2015,13.71
17,Dark,Ethiopia,Arabica,4,2015,13.71
17,Dark,Ethiopia,Arabica,5,2015,13.71
17,Dark,Ethiopia,Arabica,6,2015,13.71
17,Dark,Ethiopia,Arabica,7,2015,13.71
17,Dark,Ethiopia,Arabica,8,2015,13.71
17,Dark,Ethiopia,Arabica,9,2015,13.71
17,Dark,Ethiopia,Arabica,10,2015,13.71
17,Dark,Ethiopia,Arabica,11,2015,13.71
17,Dark,Ethiopia,Arabica,12,2015,13.71
17,Dark,Ethiopia,Arabica,1,2016,13.71
17,Dark,Ethiopia,Arabica,2,2016,13.71
17,Dark,Ethiopia,Arabica,3,2016,13.71
17,Dark,Ethiopia,Arabica,4,2016,13.71
17,Dark,Ethiopia,Arabica,5,2016,13.71
17,Dark,Ethiopia,Arabica,6,2016,13.71
17,Dark,Ethiopia,Arabica,7,2016,13.71
17,Dark,Ethiopia,Arabica,8,2016,13.71
17,Dark,Ethiopia,Arabica,9,2016,13.71
17,Dark,Ethiopia,Arabica,10,2016,13.71
17,Dark,Ethiopia,Arabica,11,2016,13.71
17,Dark,Ethiopia,Arabica,12,2016,13.71
17,Dark,Ethiopia,Arabica,1,2017,13.71
17,Dark,Ethiopia,Arabica,2,2017,13.71
17,Dark,Ethiopia,Arabica,3,2017,13.71
17,Dark,Ethiopia,Arabica,4,2017,13.71
17,Dark,Ethiopia,Arabica,5,2017,13.71
17,Dark,Ethiopia,Arabica,6,2017,13.71
17,Dark,Ethiopia,Arabica,7,2017,13.71
17,Dark,Ethiopia,Arabica,8,2017,13.71
17,Dark,Ethiopia,Arabica,9,2017,13.71
17,Dark,Ethiopia,Arabica,10,2017,13.71
17,Dark,Ethiopia,Arabica,11,2017,13.71
17,Dark,Ethiopia,Arabica,12,2017,13.71
17,Dark,Ethiopia,Arabica,1,2018,13.71
17,Dark,Ethiopia,Arabica,2,2018,13.71
17,Dark,Ethiopia,Arabica,3,2018,13.71
17,Dark,Ethiopia,Arabica,4,2018,13.71
17,Dark,Ethiopia,Arabica,5,2018,13.71
17,Dark,Ethiopia,Arabica,6,2018,13.71
17,Dark,Ethiopia,Arabica,7,2018,13.71
17,Dark,Ethiopia,Arabica,8,2018,13.71
17,Dark,Ethiopia,Arabica,9,2018,13.71
17,Dark,Ethiopia,Arabica,10,2018,15.59
17,Dark,Ethiopia,Arabica,11,2018,15.59
17,Dark,Ethiopia,Arabica,12,2018,15.59
17,Dark,Ethiopia,Arabica,1,2019,15.59
17,Dark,Ethiopia,Arabica,2,2019,15.59
17,Dark,Ethiopia,Arabica,3,2019,15.59
17,Dark,Ethiopia,Arabica,4,2019,15.59
17,Dark,Ethiopia,Arabica,5,2019,15.59
17,Dark,Ethiopia,Arabica,6,2019,15.59
17,Dark,Ethiopia,Arabica,7,2019,15.59
17,Dark,Ethiopia,Arabica,8,2019,15.59
17,Dark,Ethiopia,Arabica,9,2019,15.59
17,Dark,Ethiopia,Arabica,10,2019,15.59
17,Dark,Ethiopia,Arabica,11,2019,15.59
17,Dark,Ethiopia,Arabica,12,2019,15.59
17,Dark,Ethiopia,Arabica,1,2020,15.59
17,Dark,Ethiopia,Arabica,2,2020,15.59
17,Dark,Ethiopia,Arabica,3,2020,15.59
17,Dark,Ethiopia,Arabica,4,2020,15.59
17,Dark,Ethiopia,Arabica,5,2020,15.71
17,Dark,Ethiopia,Arabica,6,2020,17.63
17,Dark,Ethiopia,Arabica,7,2020,17.63
17,Dark,Ethiopia,Arabica,8,2020,18.2
17,Dark,Ethiopia,Arabica,9,2020,18.2
17,Dark,Ethiopia,Arabica,10,2020,20.06
17,Dark,Ethiopia,Arabica,11,2020,20.06
17,Dark,Ethiopia,Arabica,12,2020,20.06
17,Dark,Ethiopia,Arabica,1,2021,20.06
17,Dark,Ethiopia,Arabica,2,2021,20.06
17,Dark,Ethiopia,Arabica,3,2021,20.06
17,Dark,Ethiopia,Arabica,4,2021,20.06
17,Dark,Ethiopia,Arabica,5,2021,20.06
17,Dark,Ethiopia,Arabica,6,2021,20.06
17,Dark,Ethiopia,Arabica,7,2021,20.06
17,Dark,Ethiopia,Arabica,8,2021,20.06
17,Dark,Ethiopia,Arabica,9,2021,20.06
17,Dark,Ethiopia,Arabica,10,2021,21.74
17,Dark,Ethiopia,Arabica,11,2021,21.74
17,Dark,Ethiopia,Arabica,12,2021,21.74
17,Dark,Ethiopia,Arabica,1,2022,21.74
17,Dark,Ethiopia,Arabica,2,2022,21.74
17,Dark,Ethiopia,Arabica,3,2022,21.74
17,Dark,Ethiopia,Arabica,4,2022,21.74
17,Dark,Ethiopia,Arabica,5,2022,21.74
17,Dark,Ethiopia,Arabica,6,2022,21.74
17,Dark,Ethiopia,Arabica,7,2022,21.74
17,Dark,Ethiopia,Arabica,8,2022,21.74
17,Dark,Ethiopia,Arabica,9,2022,21.74
17,Dark,Ethiopia,Arabica,10,2022,21.74
17,Dark,Ethiopia,Arabica,11,2022,21.74
17,Dark,Ethiopia,Arabica,12,2022,21.74
18,Light,Colombia,Arabica,1,2013,8.69
18,Light,Colombia,Arabica,2,2013,8.69
18,Light,Colombia,Arabica,3,2013,8.69
18,Light,Colombia,Arabica,4,2013,8.69
18,Light,Colombia,Arabica,5,2013,8.69
18,Light,Colombia,Arabica,6,2013,8.69
18,Light,Colombia,Arabica,7,2013,8.69
18,Light,Colombia,Arabica,8,2013,8.69
18,Light,Colombia,Arabica,9,2013,8.69
18,Light,Colombia,Arabica,10,2013,8.69
18,Light,Colombia,Arabica,11,2013,8.69
18,Light,Colombia,Arabica,12,2013,8.69
18,Light,Colombia,Arabica,1,2014,8.38
18,Light,Colombia,Arabica,2,2014,8.38
18,Light,Colombia,Arabica,3,2014,8.38
18,Light,Colombia,Arabica,4,2014,8.38
18,Light,Colombia,Arabica,5,2014,8.38
18,Light,Colombia,Arabica,6,2014,8.38
18,Light,Colombia,Arabica,7,2014,8.38
18,Light,Colombia,Arabica,8,2014,8.38
18,Light,Colombia,Arabica,9,2014,8.38
18,Light,Colombia,Arabica,10,2014,8.38
18,Light,Colombia,Arabica,11,2014,8.43
18,Light,Colombia,Arabica,12,2014,8.43
18,Light,Colombia,Arabica,1,2015,9.46
18,Light,Colombia,Arabica,2,2015,9.46
18,Light,Colombia,Arabica,3,2015,9.46
18,Light,Colombia,Arabica,4,2015,9.46
18,Light,Colombia,Arabica,5,2015,9.46
18,Light,Colombia,Arabica,6,2015,9.46
18,Light,Colombia,Arabica,7,2015,9.46
18,Light,Colombia,Arabica,8,2015,10.11
18,Light,Colombia,Arabica,9,2015,10.11
18,Light,Colombia,Arabica,10,2015,10.11
18,Light,Colombia,Arabica,11,2015,10.11
18,Light,Colombia,Arabica,12,2015,10.11
18,Light,Colombia,Arabica,1,2016,10.11
18,Light,Colombia,Arabica,2,2016,10.11
18,Light,Colombia,Arabica,3,2016,10.11
18,Light,Colombia,Arabica,4,2016,10.11
18,Light,Colombia,Arabica,5,2016,10.11
18,Light,Colombia,Arabica,6,2016,10.11
18,Light,Colombia,Arabica,7,2016,10.11
18,Light,Colombia,Arabica,8,2016,10.71
18,Light,Colombia,Arabica,9,2016,10.71
18,Light,Colombia,Arabica,10,2016,10.71
18,Light,Colombia,Arabica,11,2016,10.71
18,Light,Colombia,Arabica,12,2016,10.71
18,Light,Colombia,Arabica,1,2017,10.71
18,Light,Colombia,Arabica,2,2017,10.71
18,Light,Colombia,Arabica,3,2017,10.71
18,Light,Colombia,Arabica,4,2017,10.71
18,Light,Colombia,Arabica,5,2017,10.71
18,Light,Colombia,Arabica,6,2017,10.71
18,Light,Colombia,Arabica,7,2017,10.71
18,Light,Colombia,Arabica,8,2017,10.71
18,Light,Colombia,Arabica,9,2017,12.1
18,Light,Colombia,Arabica,10,2017,12.1
18,Light,Colombia,Arabica,11,2017,12.1
18,Light,Colombia,Arabica,12,2017,12.1
18,Light,Colombia,Arabica,1,2018,12.1
18,Light,Colombia,Arabica,2,2018,12.1
18,Light,Colombia,Arabica,3,2018,12.1
18,Light,Colombia,Arabica,4,2018,12.1
18,Light,Colombia,Arabica,5,2018,12.1
18,Light,Colombia,Arabica,6,2018,12.1
18,Light,Colombia,Arabica,7,2018,12.1
18,Light,Colombia,Arabica,8,2018,12.1
18,Light,Colombia,Arabica,9,2018,12.1
18,Light,Colombia,Arabica,10,2018,12.1
18,Light,Colombia,Arabica,11,2018,12.1
18,Light,Colombia,Arabica,12,2018,12.1
18,Light,Colombia,Arabica,1,2019,12.1
18,Light,Colombia,Arabica,2,2019,12.1
18,Light,Colombia,Arabica,3,2019,12.1
18,Light,Colombia,Arabica,4,2019,12.1
18,Light,Colombia,Arabica,5,2019,12.1
18,Light,Colombia,Arabica,6,2019,12.1
18,Light,Colombia,Arabica,7,2019,12.1
18,Light,Colombia,Arabica,8,2019,12.1
18,Light,Colombia,Arabica,9,2019,12.1
18,Light,Colombia,Arabica,10,2019,12.1
18,Light,Colombia,Arabica,11,2019,12.1
18,Light,Colombia,Arabica,12,2019,12.1
18,Light,Colombia,Arabica,1,2020,12.1
18,Light,Colombia,Arabica,2,2020,12.1
18,Light,Colombia,Arabica,3,2020,13.43
18,Light,Colombia,Arabica,4,2020,14.53
18,Light,Colombia,Arabica,5,2020,14.53
18,Light,Colombia,Arabica,6,2020,14.53
18,Light,Colombia,Arabica,7,2020,14.53
18,Light,Colombia,Arabica,8,2020,14.53
18,Light,Colombia,Arabica,9,2020,14.53
18,Light,Colombia,Arabica,10,2020,14.53
18,Light,Colombia,Arabica,11,2020,14.53
18,Light,Colombia,Arabica,12,2020,16.17
18,Light,Colombia,Arabica,1,2021,16.17
18,Light,Colombia,Arabica,2,2021,16.17
18,Light,Colombia,Arabica,3,2021,16.17
18,Light,Colombia,Arabica,4,2021,16.17
18,Light,Colombia,Arabica,5,2021,16.17
18,Light,Colombia,Arabica,6,2021,16.17
18,Light,Colombia,Arabica,7,2021,16.17
18,Light,Colombia,Arabica,8,2021,16.17
18,Light,Colombia,Arabica,9,2021,16.17
18,Light,Colombia,Arabica,10,2021,16.17
18,Light,Colombia,Arabica,11,2021,16.17
18,Light,Colombia,Arabica,12,2021,16.17
18,Light,Colombia,Arabica,1,2022,16.17
18,Light,Colombia,Arabica,2,2022,16.17
18,Light,Colombia,Arabica,3,2022,16.17
18,Light,Colombia,Arabica,4,2022,16.17
18,Light,Colombia,Arabica,5,2022,16.17
18,Light,Colombia,Arabica,6,2022,16.17
18,Light,Colombia,Arabica,7,2022,16.17
18,Light,Colombia,Arabica,8,2022,16.17
18,Light,Colombia,Arabica,9,2022,16.17
18,Light,Colombia,Arabica,10,2022,16.17
18,Light,Colombia,Arabica,11,2022,16.17
18,Light,Colombia,Arabica,12,2022,16.17
20,Medium,Brazil,Arabica,1,2013,8.72
20,Medium,Brazil,Arabica,2,2013,8.72
20,Medium,Brazil,Arabica,3,2013,8.72
20,Medium,Brazil,Arabica,4,2013,8.72
20,Medium,Brazil,Arabica,5,2013,8.72
20,Medium,Brazil,Arabica,6,2013,8.72
20,Medium,Brazil,Arabica,7,2013,8.72
20,Medium,Brazil,Arabica,8,2013,8.72
20,Medium,Brazil,Arabica,9,2013,8.72
20,Medium,Brazil,Arabica,10,2013,8.72
20,Medium,Brazil,Arabica,11,2013,8.72
20,Medium,Brazil,Arabica,12,2013,8.72
20,Medium,Brazil,Arabica,1,2014,9.58
20,Medium,Brazil,Arabica,2,2014,9.58
20,Medium,Brazil,Arabica,3,2014,9.58
20,Medium,Brazil,Arabica,4,2014,9.58
20,Medium,Brazil,Arabica,5,2014,9.58
20,Medium,Brazil,Arabica,6,2014,9.58
20,Medium,Brazil,Arabica,7,2014,9.58
20,Medium,Brazil,Arabica,8,2014,9.58
20,Medium,Brazil,Arabica,9,2014,9.58
20,Medium,Brazil,Arabica,10,2014,9.58
20,Medium,Brazil,Arabica,11,2014,9.58
20,Medium,Brazil,Arabica,12,2014,9.58
20,Medium,Brazil,Arabica,1,2015,9.58
20,Medium,Brazil,Arabica,2,2015,9.58
20,Medium,Brazil,Arabica,3,2015,10.7
20,Medium,Brazil,Arabica,4,2015,10.7
20,Medium,Brazil,Arabica,5,2015,10.7
20,Medium,Brazil,Arabica,6,2015,10.7
20,Medium,Brazil,Arabica,7,2015,10.7
20,Medium,Brazil,Arabica,8,2015,10.7
20,Medium,Brazil,Arabica,9,2015,12.61
20,Medium,Brazil,Arabica,10,2015,12.61
20,Medium,Brazil,Arabica,11,2015,12.61
20,Medium,Brazil,Arabica,12,2015,13.83
20,Medium,Brazil,Arabica,1,2016,13.83
20,Medium,Brazil,Arabica,2,2016,13.83
20,Medium,Brazil,Arabica,3,2016,13.83
20,Medium,Brazil,Arabica,4,2016,13.83
20,Medium,Brazil,Arabica,5,2016,13.83
20,Medium,Brazil,Arabica,6,2016,13.83
20,Medium,Brazil,Arabica,7,2016,13.83
20,Medium,Brazil,Arabica,8,2016,13.83
20,Medium,Brazil,Arabica,9,2016,13.83
20,Medium,Brazil,Arabica,10,2016,13.83
20,Medium,Brazil,Arabica,11,2016,13.91
20,Medium,Brazil,Arabica,12,2016,13.91
20,Medium,Brazil,Arabica,1,2017,13.91
20,Medium,Brazil,Arabica,2,2017,13.91
20,Medium,Brazil,Arabica,3,2017,13.91
20,Medium,Brazil,Arabica,4,2017,13.91
20,Medium,Brazil,Arabica,5,2017,13.91
20,Medium,Brazil,Arabica,6,2017,13.91
20,Medium,Brazil,Arabica,7,2017,13.91
20,Medium,Brazil,Arabica,8,2017,13.91
20,Medium,Brazil,Arabica,9,2017,13.91
20,Medium,Brazil,Arabica,10,2017,13.91
20,Medium,Brazil,Arabica,11,2017,13.91
20,Medium,Brazil,Arabica,12,2017,13.91
20,Medium,Brazil,Arabica,1,2018,13.91
20,Medium,Brazil,Arabica,2,2018,13.91
20,Medium,Brazil,Arabica,3,2018,13.91
20,Medium,Brazil,Arabica,4,2018,13.91
20,Medium,Brazil,Arabica,5,2018,13.91
20,Medium,Brazil,Arabica,6,2018,13.91
20,Medium,Brazil,Arabica,7,2018,13.91
20,Medium,Brazil,Arabica,8,2018,13.91
20,Medium,Brazil,Arabica,9,2018,13.91
20,Medium,Brazil,Arabica,10,2018,13.91
20,Medium,Brazil,Arabica,11,2018,13.91
20,Medium,Brazil,Arabica,12,2018,13.91
20,Medium,Brazil,Arabica,1,2019,13.91
20,Medium,Brazil,Arabica,2,2019,13.91
20,Medium,Brazil,Arabica,3,2019,13.91
20,Medium,Brazil,Arabica,4,2019,13.91
20,Medium,Brazil,Arabica,5,2019,13.91
20,Medium,Brazil,Arabica,6,2019,13.91
20,Medium,Brazil,Arabica,7,2019,13.91
20,Medium,Brazil,Arabica,8,2019,13.91
20,Medium,Brazil,Arabica,9,2019,13.91
20,Medium,Brazil,Arabica,10,2019,13.91
20,Medium,Brazil,Arabica,11,2019,13.91
20,Medium,Brazil,Arabica,12,2019,13.91
20,Medium,Brazil,Arabica,1,2020,13.91
20,Medium,Brazil,Arabica,2,2020,13.91
20,Medium,Brazil,Arabica,3,2020,13.91
20,Medium,Brazil,Arabica,4,2020,13.91
20,Medium,Brazil,Arabica,5,2020,13.91
20,Medium,Brazil,Arabica,6,2020,13.91
20,Medium,Brazil,Arabica,7,2020,13.91
20,Medium,Brazil,Arabica,8,2020,14.0
20,Medium,Brazil,Arabica,9,2020,14.11
20,Medium,Brazil,Arabica,10,2020,15.48
20,Medium,Brazil,Arabica,11,2020,15.48
20,Medium,Brazil,Arabica,12,2020,17.17
20,Medium,Brazil,Arabica,1,2021,17.17
20,Medium,Brazil,Arabica,2,2021,17.17
20,Medium,Brazil,Arabica,3,2021,17.17
20,Medium,Brazil,Arabica,4,2021,17.17
20,Medium,Brazil,Arabica,5,2021,17.17
20,Medium,Brazil,Arabica,6,2021,17.17
20,Medium,Brazil,Arabica,7,2021,17.17
20,Medium,Brazil,Arabica,8,2021,17.17
20,Medium,Brazil,Arabica,9,2021,17.17
20,Medium,Brazil,Arabica,10,2021,17.17
20,Medium,Brazil,Arabica,11,2021,17.17
20,Medium,Brazil,Arabica,12,2021,17.17
20,Medium,Brazil,Arabica,1,2022,17.17
20,Medium,Brazil,Arabica,2,2022,17.17
20,Medium,Brazil,Arabica,3,2022,17.17
20,Medium,Brazil,Arabica,4,2022,17.17
20,Medium,Brazil,Arabica,5,2022,17.17
20,Medium,Brazil,Arabica,6,2022,17.17
20,Medium,Brazil,Arabica,7,2022,17.17
20,Medium,Brazil,Arabica,8,2022,17.17
20,Medium,Brazil,Arabica,9,2022,17.17
20,Medium,Brazil,Arabica,10,2022,17.17
20,Medium,Brazil,Arabica,11,2022,17.17
20,Medium,Brazil,Arabica,12,2022,17.17
23,Light,Vietnam,Arabica,1,2013,8.91
23,Light,Vietnam,Arabica,2,2013,8.91
23,Light,Vietnam,Arabica,3,2013,8.91
23,Light,Vietnam,Arabica,4,2013,8.91
23,Light,Vietnam,Arabica,5,2013,8.91
23,Light,Vietnam,Arabica,6,2013,8.91
23,Light,Vietnam,Arabica,7,2013,8.91
23,Light,Vietnam,Arabica,8,2013,8.91
23,Light,Vietnam,Arabica,9,2013,8.91
23,Light,Vietnam,Arabica,10,2013,8.91
23,Light,Vietnam,Arabica,11,2013,8.91
23,Light,Vietnam,Arabica,12,2013,8.91
23,Light,Vietnam,Arabica,1,2014,8.91
23,Light,Vietnam,Arabica,2,2014,8.91
23,Light,Vietnam,Arabica,3,2014,8.91
23,Light,Vietnam,Arabica,4,2014,8.91
23,Light,Vietnam,Arabica,5,2014,8.91
23,Light,Vietnam,Arabica,6,2014,8.91
23,Light,Vietnam,Arabica,7,2014,8.91
23,Light,Vietnam,Arabica,8,2014,8.91
23,Light,Vietnam,Arabica,9,2014,8.6
23,Light,Vietnam,Arabica,10,2014,8.6
23,Light,Vietnam,Arabica,11,2014,8.6
23,Light,Vietnam,Arabica,12,2014,8.6
23,Light,Vietnam,Arabica,1,2015,8.6
23,Light,Vietnam,Arabica,2,2015,8.6
23,Light,Vietnam,Arabica,3,2015,8.6
23,Light,Vietnam,Arabica,4,2015,8.6
23,Light,Vietnam,Arabica,5,2015,8.6
23,Light,Vietnam,Arabica,6,2015,8.6
23,Light,Vietnam,Arabica,7,2015,8.6
23,Light,Vietnam,Arabica,8,2015,8.36
23,Light,Vietnam,Arabica,9,2015,8.36
23,Light,Vietnam,Arabica,10,2015,8.36
23,Light,Vietnam,Arabica,11,2015,8.36
23,Light,Vietnam,Arabica,12,2015,8.36
23,Light,Vietnam,Arabica,1,2016,8.36
23,Light,Vietnam,Arabica,2,2016,8.36
23,Light,Vietnam,Arabica,3,2016,8.36
23,Light,Vietnam,Arabica,4,2016,8.36
23,Light,Vietnam,Arabica,5,2016,8.36
23,Light,Vietnam,Arabica,6,2016,8.36
23,Light,Vietnam,Arabica,7,2016,8.36
23,Light,Vietnam,Arabica,8,2016,8.36
23,Light,Vietnam,Arabica,9,2016,8.36
23,Light,Vietnam,Arabica,10,2016,8.36
23,Light,Vietnam,Arabica,11,2016,8.36
23,Light,Vietnam,Arabica,12,2016,8.36
23,Light,Vietnam,Arabica,1,2017,8.36
23,Light,Vietnam,Arabica,2,2017,8.36
23,Light,Vietnam,Arabica,3,2017,8.36
23,Light,Vietnam,Arabica,4,2017,8.36
23,Light,Vietnam,Arabica,5,2017,8.36
23,Light,Vietnam,Arabica,6,2017,8.36
23,Light,Vietnam,Arabica,7,2017,8.36
23,Light,Vietnam,Arabica,8,2017,8.36
23,Light,Vietnam,Arabica,9,2017,8.36
23,Light,Vietnam,Arabica,10,2017,8.36
23,Light,Vietnam,Arabica,11,2017,8.36
23,Light,Vietnam,Arabica,12,2017,8.36
23,Light,Vietnam,Arabica,1,2018,8.36
23,Light,Vietnam,Arabica,2,2018,8.36
23,Light,Vietnam,Arabica,3,2018,8.36
23,Light,Vietnam,Arabica,4,2018,8.36
23,Light,Vietnam,Arabica,5,2018,8.36
23,Light,Vietnam,Arabica,6,2018,8.36
23,Light,Vietnam,Arabica,7,2018,8.36
23,Light,Vietnam,Arabica,8,2018,8.36
23,Light,Vietnam,Arabica,9,2018,8.36
23,Light,Vietnam,Arabica,10,2018,8.36
23,Light,Vietnam,Arabica,11,2018,8.36
23,Light,Vietnam,Arabica,12,2018,8.36
23,Light,Vietnam,Arabica,1,2019,8.36
23,Light,Vietnam,Arabica,2,2019,8.36
23,Light,Vietnam,Arabica,3,2019,8.36
23,Light,Vietnam,Arabica,4,2019,8.36
23,Light,Vietnam,Arabica,5,2019,8.36
23,Light,Vietnam,Arabica,6,2019,8.36
23,Light,Vietnam,Arabica,7,2019,8.36
23,Light,Vietnam,Arabica,8,2019,8.36
23,Light,Vietnam,Arabica,9,2019,8.36
23,Light,Vietnam,Arabica,10,2019,8.36
23,Light,Vietnam,Arabica,11,2019,8.36
23,Light,Vietnam,Arabica,12,2019,8.36
23,Light,Vietnam,Arabica,1,2020,8.36
23,Light,Vietnam,Arabica,2,2020,8.36
23,Light,Vietnam,Arabica,3,2020,8.83
23,Light,Vietnam,Arabica,4,2020,8.83
23,Light,Vietnam,Arabica,5,2020,8.52
23,Light,Vietnam,Arabica,6,2020,8.52
23,Light,Vietnam,Arabica,7,2020,8.52
23,Light,Vietnam,Arabica,8,2020,8.52
23,Light,Vietnam,Arabica,9,2020,8.52
23,Light,Vietnam,Arabica,10,2020,10.29
23,Light,Vietnam,Arabica,11,2020,10.29
23,Light,Vietnam,Arabica,12,2020,10.68
23,Light,Vietnam,Arabica,1,2021,10.63
23,Light,Vietnam,Arabica,2,2021,10.63
23,Light,Vietnam,Arabica,3,2021,10.63
23,Light,Vietnam,Arabica,4,2021,10.63
23,Light,Vietnam,Arabica,5,2021,10.63
23,Light,Vietnam,Arabica,6,2021,10.63
23,Light,Vietnam,Arabica,7,2021,12.46
23,Light,Vietnam,Arabica,8,2021,12.46
23,Light,Vietnam,Arabica,9,2021,12.46
23,Light,Vietnam,Arabica,10,2021,12.46
23,Light,Vietnam,Arabica,11,2021,12.46
23,Light,Vietnam,Arabica,12,2021,12.46
23,Light,Vietnam,Arabica,1,2022,12.46
23,Light,Vietnam,Arabica,2,2022,12.46
23,Light,Vietnam,Arabica,3,2022,12.46
23,Light,Vietnam,Arabica,4,2022,12.46
23,Light,Vietnam,Arabica,5,2022,12.46
23,Light,Vietnam,Arabica,6,2022,12.46
23,Light,Vietnam,Arabica,7,2022,12.46
23,Light,Vietnam,Arabica,8,2022,12.46
23,Light,Vietnam,Arabica,9,2022,12.46
23,Light,Vietnam,Arabica,10,2022,12.46
23,Light,Vietnam,Arabica,11,2022,12.46
23,Light,Vietnam,Arabica,12,2022,12.46
24,Light,Ethiopia,Arabica,1,2013,8.06
24,Light,Ethiopia,Arabica,2,2013,8.06
24,Light,Ethiopia,Arabica,3,2013,8.06
24,Light,Ethiopia,Arabica,4,2013,8.06
24,Light,Ethiopia,Arabica,5,2013,8.06
24,Light,Ethiopia,Arabica,6,2013,8.06
24,Light,Ethiopia,Arabica,7,2013,8.06
24,Light,Ethiopia,Arabica,8,2013,8.06
24,Light,Ethiopia,Arabica,9,2013,8.06
24,Light,Ethiopia,Arabica,10,2013,8.06
24,Light,Ethiopia,Arabica,11,2013,8.06
24,Light,Ethiopia,Arabica,12,2013,8.06
24,Light,Ethiopia,Arabica,1,2014,8.06
24,Light,Ethiopia,Arabica,2,2014,8.06
24,Light,Ethiopia,Arabica,3,2014,8.06
24,Light,Ethiopia,Arabica,4,2014,8.06
24,Light,Ethiopia,Arabica,5,2014,8.06
24,Light,Ethiopia,Arabica,6,2014,8.06
24,Light,Ethiopia,Arabica,7,2014,8.06
24,Light,Ethiopia,Arabica,8,2014,8.06
24,Light,Ethiopia,Arabica,9,2014,8.06
24,Light,Ethiopia,Arabica,10,2014,8.06
24,Light,Ethiopia,Arabica,11,2014,8.06
24,Light,Ethiopia,Arabica,12,2014,8.06
24,Light,Ethiopia,Arabica,1,2015,8.06
24,Light,Ethiopia,Arabica,2,2015,8.06
24,Light,Ethiopia,Arabica,3,2015,8.06
24,Light,Ethiopia,Arabica,4,2015,8.06
24,Light,Ethiopia,Arabica,5,2015,8.06
24,Light,Ethiopia,Arabica,6,2015,8.06
24,Light,Ethiopia,Arabica,7,2015,8.06
24,Light,Ethiopia,Arabica,8,2015,8.06
24,Light,Ethiopia,Arabica,9,2015,8.06
24,Light,Ethiopia,Arabica,10,2015,8.06
24,Light,Ethiopia,Arabica,11,2015,8.06
24,Light,Ethiopia,Arabica,12,2015,8.06
24,Light,Ethiopia,Arabica,1,2016,8.06
24,Light,Ethiopia,Arabica,2,2016,8.06
24,Light,Ethiopia,Arabica,3,2016,8.06
24,Light,Ethiopia,Arabica,4,2016,8.06
24,Light,Ethiopia,Arabica,5,2016,8.06
24,Light,Ethiopia,Arabica,6,2016,8.06
24,Light,Ethiopia,Arabica,7,2016,8.06
24,Light,Ethiopia,Arabica,8,2016,8.06
24,Light,Ethiopia,Arabica,9,2016,8.06
24,Light,Ethiopia,Arabica,10,2016,8.06
24,Light,Ethiopia,Arabica,11,2016,8.06
24,Light,Ethiopia,Arabica,12,2016,8.06
24,Light,Ethiopia,Arabica,1,2017,8.06
24,Light,Ethiopia,Arabica,2,2017,8.06
24,Light,Ethiopia,Arabica,3,2017,9.75
24,Light,Ethiopia,Arabica,4,2017,9.75
24,Light,Ethiopia,Arabica,5,2017,9.75
24,Light,Ethiopia,Arabica,6,2017,9.75
24,Light,Ethiopia,Arabica,7,2017,9.75
24,Light,Ethiopia,Arabica,8,2017,9.75
24,Light,Ethiopia,Arabica,9,2017,9.75
24,Light,Ethiopia,Arabica,10,2017,10.28
24,Light,Ethiopia,Arabica,11,2017,10.28
24,Light,Ethiopia,Arabica,12,2017,10.28
24,Light,Ethiopia,Arabica,1,2018,10.28
24,Light,Ethiopia,Arabica,2,2018,10.28
24,Light,Ethiopia,Arabica,3,2018,11.67
24,Light,Ethiopia,Arabica,4,2018,11.67
24,Light,Ethiopia,Arabica,5,2018,11.67
24,Light,Ethiopia,Arabica,6,2018,11.67
24,Light,Ethiopia,Arabica,7,2018,11.67
24,Light,Ethiopia,Arabica,8,2018,11.67
24,Light,Ethiopia,Arabica,9,2018,11.67
24,Light,Ethiopia,Arabica,10,2018,11.67
24,Light,Ethiopia,Arabica,11,2018,11.67
24,Light,Ethiopia,Arabica,12,2018,11.67
24,Light,Ethiopia,Arabica,1,2019,11.67
24,Light,Ethiopia,Arabica,2,2019,11.67
24,Light,Ethiopia,Arabica,3,2019,11.67
24,Light,Ethiopia,Arabica,4,2019,11.67
24,Light,Ethiopia,Arabica,5,2019,11.67
24,Light,Ethiopia,Arabica,6,2019,12.08
24,Light,Ethiopia,Arabica,7,2019,13.69
24,Light,Ethiopia,Arabica,8,2019,13.69
24,Light,Ethiopia,Arabica,9,2019,13.69
24,Light,Ethiopia,Arabica,10,2019,14.13
24,Light,Ethiopia,Arabica,11,2019,14.13
24,Light,Ethiopia,Arabica,12,2019,14.13
24,Light,Ethiopia,Arabica,1,2020,14.13
24,Light,Ethiopia,Arabica,2,2020,14.25
24,Light,Ethiopia,Arabica,3,2020,14.25
24,Light,Ethiopia,Arabica,4,2020,14.25
24,Light,Ethiopia,Arabica,5,2020,14.88
24,Light,Ethiopia,Arabica,6,2020,14.88
24,Light,Ethiopia,Arabica,7,2020,15.47
24,Light,Ethiopia,Arabica,8,2020,17.14
24,Light,Ethiopia,Arabica,9,2020,18.37
24,Light,Ethiopia,Arabica,10,2020,18.37
24,Light,Ethiopia,Arabica,11,2020,18.43
24,Light,Ethiopia,Arabica,12,2020,19.57
24,Light,Ethiopia,Arabica,1,2021,19.57
24,Light,Ethiopia,Arabica,2,2021,19.57
24,Light,Ethiopia,Arabica,3,2021,19.57
24,Light,Ethiopia,Arabica,4,2021,19.57
24,Light,Ethiopia,Arabica,5,2021,19.57
24,Light,Ethiopia,Arabica,6,2021,19.57
24,Light,Ethiopia,Arabica,7,2021,19.57
24,Light,Ethiopia,Arabica,8,2021,19.57
24,Light,Ethiopia,Arabica,9,2021,19.57
24,Light,Ethiopia,Arabica,10,2021,19.57
24,Light,Ethiopia,Arabica,11,2021,19.57
24,Light,Ethiopia,Arabica,12,2021,19.57
24,Light,Ethiopia,Arabica,1,2022,19.57
24,Light,Ethiopia,Arabica,2,2022,19.57
24,Light,Ethiopia,Arabica,3,2022,19.57
24,Light,Ethiopia,Arabica,4,2022,19.57
24,Light,Ethiopia,Arabica,5,2022,19.57
24,Light,Ethiopia,Arabica,6,2022,19.57
24,Light,Ethiopia,Arabica,7,2022,19.57
24,Light,Ethiopia,Arabica,8,2022,19.57
24,Light,Ethiopia,Arabica,9,2022,19.57
24,Light,Ethiopia,Arabica,10,2022,19.57
24,Light,Ethiopia,Arabica,11,2022,19.57
24,Light,Ethiopia,Arabica,12,2022,19.57
25,Medium,Indonesia,Robusta,1,2013,8.16
25,Medium,Indonesia,Robusta,2,2013,8.16
25,Medium,Indonesia,Robusta,3,2013,8.16
25,Medium,Indonesia,Robusta,4,2013,8.16
25,Medium,Indonesia,Robusta,5,2013,8.16
25,Medium,Indonesia,Robusta,6,2013,8.16
25,Medium,Indonesia,Robusta,7,2013,8.16
25,Medium,Indonesia,Robusta,8,2013,8.16
25,Medium,Indonesia,Robusta,9,2013,8.16
25,Medium,Indonesia,Robusta,10,2013,8.16
25,Medium,Indonesia,Robusta,11,2013,8.16
25,Medium,Indonesia,Robusta,12,2013,8.16
25,Medium,Indonesia,Robusta,1,2014,8.16
25,Medium,Indonesia,Robusta,2,2014,8.16
25,Medium,Indonesia,Robusta,3,2014,8.16
25,Medium,Indonesia,Robusta,4,2014,8.16
25,Medium,Indonesia,Robusta,5,2014,8.16
25,Medium,Indonesia,Robusta,6,2014,8.16
25,Medium,Indonesia,Robusta,7,2014,8.16
25,Medium,Indonesia,Robusta,8,2014,8.16
25,Medium,Indonesia,Robusta,9,2014,8.16
25,Medium,Indonesia,Robusta,10,2014,8.16
25,Medium,Indonesia,Robusta,11,2014,8.16
25,Medium,Indonesia,Robusta,12,2014,8.16
25,Medium,Indonesia,Robusta,1,2015,8.16
25,Medium,Indonesia,Robusta,2,2015,8.16
25,Medium,Indonesia,Robusta,3,2015,8.16
25,Medium,Indonesia,Robusta,4,2015,8.16
25,Medium,Indonesia,Robusta,5,2015,8.16
25,Medium,Indonesia,Robusta,6,2015,8.16
25,Medium,Indonesia,Robusta,7,2015,8.16
25,Medium,Indonesia,Robusta,8,2015,8.16
25,Medium,Indonesia,Robusta,9,2015,8.16
25,Medium,Indonesia,Robusta,10,2015,8.16
25,Medium,Indonesia,Robusta,11,2015,8.16
25,Medium,Indonesia,Robusta,12,2015,8.16
25,Medium,Indonesia,Robusta,1,2016,8.16
25,Medium,Indonesia,Robusta,2,2016,8.16
25,Medium,Indonesia,Robusta,3,2016,8.16
25,Medium,Indonesia,Robusta,4,2016,8.16
25,Medium,Indonesia,Robusta,5,2016,8.16
25,Medium,Indonesia,Robusta,6,2016,8.16
25,Medium,Indonesia,Robusta,7,2016,8.16
25,Medium,Indonesia,Robusta,8,2016,8.16
25,Medium,Indonesia,Robusta,9,2016,8.16
25,Medium,Indonesia,Robusta,10,2016,8.16
25,Medium,Indonesia,Robusta,11,2016,8.16
25,Medium,Indonesia,Robusta,12,2016,8.25
25,Medium,Indonesia,Robusta,1,2017,8.25
25,Medium,Indonesia,Robusta,2,2017,8.25
25,Medium,Indonesia,Robusta,3,2017,8.25
25,Medium,Indonesia,Robusta,4,2017,8.25
25,Medium,Indonesia,Robusta,5,2017,8.25
25,Medium,Indonesia,Robusta,6,2017,8.25
25,Medium,Indonesia,Robusta,7,2017,8.25
25,Medium,Indonesia,Robusta,8,2017,8.25
25,Medium,Indonesia,Robusta,9,2017,8.25
25,Medium,Indonesia,Robusta,10,2017,8.25
25,Medium,Indonesia,Robusta,11,2017,8.25
25,Medium,Indonesia,Robusta,12,2017,8.25
25,Medium,Indonesia,Robusta,1,2018,8.25
25,Medium,Indonesia,Robusta,2,2018,8.25
25,Medium,Indonesia,Robusta,3,2018,8.25
25,Medium,Indonesia,Robusta,4,2018,8.25
25,Medium,Indonesia,Robusta,5,2018,8.25
25,Medium,Indonesia,Robusta,6,2018,8.25
25,Medium,Indonesia,Robusta,7,2018,8.25
25,Medium,Indonesia,Robusta,8,2018,8.25
25,Medium,Indonesia,Robusta,9,2018,8.25
25,Medium,Indonesia,Robusta,10,2018,8.25
25,Medium,Indonesia,Robusta,11,2018,8.25
25,Medium,Indonesia,Robusta,12,2018,8.25
25,Medium,Indonesia,Robusta,1,2019,8.25
25,Medium,Indonesia,Robusta,2,2019,8.25
25,Medium,Indonesia,Robusta,3,2019,8.25
25,Medium,Indonesia,Robusta,4,2019,8.25
25,Medium,Indonesia,Robusta,5,2019,8.25
25,Medium,Indonesia,Robusta,6,2019,8.25
25,Medium,Indonesia,Robusta,7,2019,8.25
25,Medium,Indonesia,Robusta,8,2019,8.25
25,Medium,Indonesia,Robusta,9,2019,8.25
25,Medium,Indonesia,Robusta,10,2019,8.25
25,Medium,Indonesia,Robusta,11,2019,8.25
25,Medium,Indonesia,Robusta,12,2019,8.25
25,Medium,Indonesia,Robusta,1,2020,8.25
25,Medium,Indonesia,Robusta,2,2020,8.25
25,Medium,Indonesia,Robusta,3,2020,9.83
25,Medium,Indonesia,Robusta,4,2020,11.71
25,Medium,Indonesia,Robusta,5,2020,11.71
25,Medium,Indonesia,Robusta,6,2020,13.06
25,Medium,Indonesia,Robusta,7,2020,13.06
25,Medium,Indonesia,Robusta,8,2020,12.58
25,Medium,Indonesia,Robusta,9,2020,12.58
25,Medium,Indonesia,Robusta,10,2020,12.58
25,Medium,Indonesia,Robusta,11,2020,12.58
25,Medium,Indonesia,Robusta,12,2020,12.58
25,Medium,Indonesia,Robusta,1,2021,13.54
25,Medium,Indonesia,Robusta,2,2021,13.54
25,Medium,Indonesia,Robusta,3,2021,13.54
25,Medium,Indonesia,Robusta,4,2021,13.54
25,Medium,Indonesia,Robusta,5,2021,13.54
25,Medium,Indonesia,Robusta,6,2021,13.54
25,Medium,Indonesia,Robusta,7,2021,13.54
25,Medium,Indonesia,Robusta,8,2021,13.54
25,Medium,Indonesia,Robusta,9,2021,13.54
25,Medium,Indonesia,Robusta,10,2021,13.54
25,Medium,Indonesia,Robusta,11,2021,13.54
25,Medium,Indonesia,Robusta,12,2021,13.54
25,Medium,Indonesia,Robusta,1,2022,13.54
25,Medium,Indonesia,Robusta,2,2022,13.54
25,Medium,Indonesia,Robusta,3,2022,13.54
25,Medium,Indonesia,Robusta,4,2022,13.54
25,Medium,Indonesia,Robusta,5,2022,13.54
25,Medium,Indonesia,Robusta,6,2022,13.54
25,Medium,Indonesia,Robusta,7,2022,13.54
25,Medium,Indonesia,Robusta,8,2022,14.41
25,Medium,Indonesia,Robusta,9,2022,14.41
25,Medium,Indonesia,Robusta,10,2022,14.41
25,Medium,Indonesia,Robusta,11,2022,14.41
25,Medium,Indonesia,Robusta,12,2022,14.41
28,Dark,Indonesia,Arabica,1,2013,5.53
28,Dark,Indonesia,Arabica,2,2013,5.53
28,Dark,Indonesia,Arabica,3,2013,5.53
28,Dark,Indonesia,Arabica,4,2013,5.53
28,Dark,Indonesia,Arabica,5,2013,5.53
28,Dark,Indonesia,Arabica,6,2013,5.53
28,Dark,Indonesia,Arabica,7,2013,5.53
28,Dark,Indonesia,Arabica,8,2013,5.53
28,Dark,Indonesia,Arabica,9,2013,5.53
28,Dark,Indonesia,Arabica,10,2013,6.25
28,Dark,Indonesia,Arabica,11,2013,6.25
28,Dark,Indonesia,Arabica,12,2013,6.25
28,Dark,Indonesia,Arabica,1,2014,6.25
28,Dark,Indonesia,Arabica,2,2014,6.25
28,Dark,Indonesia,Arabica,3,2014,6.25
28,Dark,Indonesia,Arabica,4,2014,6.25
28,Dark,Indonesia,Arabica,5,2014,6.25
28,Dark,Indonesia,Arabica,6,2014,6.25
28,Dark,Indonesia,Arabica,7,2014,6.25
28,Dark,Indonesia,Arabica,8,2014,6.25
28,Dark,Indonesia,Arabica,9,2014,6.25
28,Dark,Indonesia,Arabica,10,2014,6.25
28,Dark,Indonesia,Arabica,11,2014,6.25
28,Dark,Indonesia,Arabica,12,2014,6.25
28,Dark,Indonesia,Arabica,1,2015,6.25
28,Dark,Indonesia,Arabica,2,2015,6.25
28,Dark,Indonesia,Arabica,3,2015,6.25
28,Dark,Indonesia,Arabica,4,2015,6.25
28,Dark,Indonesia,Arabica,5,2015,6.25
28,Dark,Indonesia,Arabica,6,2015,6.25
28,Dark,Indonesia,Arabica,7,2015,6.25
28,Dark,Indonesia,Arabica,8,2015,6.25
28,Dark,Indonesia,Arabica,9,2015,6.25
28,Dark,Indonesia,Arabica,10,2015,6.25
28,Dark,Indonesia,Arabica,11,2015,6.25
28,Dark,Indonesia,Arabica,12,2015,6.25
28,Dark,Indonesia,Arabica,1,2016,6.25
28,Dark,Indonesia,Arabica,2,2016,6.25
28,Dark,Indonesia,Arabica,3,2016,6.25
28,Dark,Indonesia,Arabica,4,2016,6.25
28,Dark,Indonesia,Arabica,5,2016,6.25
28,Dark,Indonesia,Arabica,6,2016,6.25
28,Dark,Indonesia,Arabica,7,2016,6.25
28,Dark,Indonesia,Arabica,8,2016,6.25
28,Dark,Indonesia,Arabica,9,2016,6.25
28,Dark,Indonesia,Arabica,10,2016,6.25
28,Dark,Indonesia,Arabica,11,2016,6.25
28,Dark,Indonesia,Arabica,12,2016,6.25
28,Dark,Indonesia,Arabica,1,2017,6.25
28,Dark,Indonesia,Arabica,2,2017,6.25
28,Dark,Indonesia,Arabica,3,2017,6.25
28,Dark,Indonesia,Arabica,4,2017,6.25
28,Dark,Indonesia,Arabica,5,2017,6.25
28,Dark,Indonesia,Arabica,6,2017,6.25
28,Dark,Indonesia,Arabica,7,2017,6.25
28,Dark,Indonesia,Arabica,8,2017,6.25
28,Dark,Indonesia,Arabica,9,2017,6.25
28,Dark,Indonesia,Arabica,10,2017,6.25
28,Dark,Indonesia,Arabica,11,2017,6.25
28,Dark,Indonesia,Arabica,12,2017,6.25
28,Dark,Indonesia,Arabica,1,2018,6.25
28,Dark,Indonesia,Arabica,2,2018,6.25
28,Dark,Indonesia,Arabica,3,2018,6.25
28,Dark,Indonesia,Arabica,4,2018,6.25
28,Dark,Indonesia,Arabica,5,2018,6.25
28,Dark,Indonesia,Arabica,6,2018,6.25
28,Dark,Indonesia,Arabica,7,2018,6.25
28,Dark,Indonesia,Arabica,8,2018,6.25
28,Dark,Indonesia,Arabica,9,2018,6.25
28,Dark,Indonesia,Arabica,10,2018,6.25
28,Dark,Indonesia,Arabica,11,2018,6.25
28,Dark,Indonesia,Arabica,12,2018,6.25
28,Dark,Indonesia,Arabica,1,2019,6.25
28,Dark,Indonesia,Arabica,2,2019,6.25
28,Dark,Indonesia,Arabica,3,2019,6.25
28,Dark,Indonesia,Arabica,4,2019,6.25
28,Dark,Indonesia,Arabica,5,2019,6.25
28,Dark,Indonesia,Arabica,6,2019,6.25
28,Dark,Indonesia,Arabica,7,2019,6.25
28,Dark,Indonesia,Arabica,8,2019,6.25
28,Dark,Indonesia,Arabica,9,2019,6.25
28,Dark,Indonesia,Arabica,10,2019,6.25
28,Dark,Indonesia,Arabica,11,2019,6.39
28,Dark,Indonesia,Arabica,12,2019,6.39
28,Dark,Indonesia,Arabica,1,2020,8.01
28,Dark,Indonesia,Arabica,2,2020,8.01
28,Dark,Indonesia,Arabica,3,2020,8.01
28,Dark,Indonesia,Arabica,4,2020,8.01
28,Dark,Indonesia,Arabica,5,2020,9.63
28,Dark,Indonesia,Arabica,6,2020,9.63
28,Dark,Indonesia,Arabica,7,2020,9.63
28,Dark,Indonesia,Arabica,8,2020,9.63
28,Dark,Indonesia,Arabica,9,2020,9.63
28,Dark,Indonesia,Arabica,10,2020,11.02
28,Dark,Indonesia,Arabica,11,2020,11.0
28,Dark,Indonesia,Arabica,12,2020,11.0
28,Dark,Indonesia,Arabica,1,2021,11.0
28,Dark,Indonesia,Arabica,2,2021,11.0
28,Dark,Indonesia,Arabica,3,2021,11.0
28,Dark,Indonesia,Arabica,4,2021,11.0
28,Dark,Indonesia,Arabica,5,2021,11.0
28,Dark,Indonesia,Arabica,6,2021,11.0
28,Dark,Indonesia,Arabica,7,2021,11.0
28,Dark,Indonesia,Arabica,8,2021,11.0
28,Dark,Indonesia,Arabica,9,2021,11.0
28,Dark,Indonesia,Arabica,10,2021,11.0
28,Dark,Indonesia,Arabica,11,2021,11.0
28,Dark,Indonesia,Arabica,12,2021,11.0
28,Dark,Indonesia,Arabica,1,2022,11.0
28,Dark,Indonesia,Arabica,2,2022,10.72
28,Dark,Indonesia,Arabica,3,2022,10.72
28,Dark,Indonesia,Arabica,4,2022,10.72
28,Dark,Indonesia,Arabica,5,2022,10.72
28,Dark,Indonesia,Arabica,6,2022,10.72
28,Dark,Indonesia,Arabica,7,2022,10.72
28,Dark,Indonesia,Arabica,8,2022,10.72
28,Dark,Indonesia,Arabica,9,2022,10.72
28,Dark,Indonesia,Arabica,10,2022,10.72
28,Dark,Indonesia,Arabica,11,2022,10.72
28,Dark,Indonesia,Arabica,12,2022,10.72
29,Light,China,Liberica,1,2013,9.98
29,Light,China,Liberica,2,2013,9.98
29,Light,China,Liberica,3,2013,9.98
29,Light,China,Liberica,4,2013,9.98
29,Light,China,Liberica,5,2013,9.98
29,Light,China,Liberica,6,2013,9.98
29,Light,China,Liberica,7,2013,9.98
29,Light,China,Liberica,8,2013,9.98
29,Light,China,Liberica,9,2013,9.98
29,Light,China,Liberica,10,2013,9.98
29,Light,China,Liberica,11,2013,9.98
29,Light,China,Liberica,12,2013,9.98
29,Light,China,Liberica,1,2014,9.98
29,Light,China,Liberica,2,2014,9.98
29,Light,China,Liberica,3,2014,9.98
29,Light,China,Liberica,4,2014,9.98
29,Light,China,Liberica,5,2014,9.98
29,Light,China,Liberica,6,2014,9.98
29,Light,China,Liberica,7,2014,9.98
29,Light,China,Liberica,8,2014,9.98
29,Light,China,Liberica,9,2014,9.98
29,Light,China,Liberica,10,2014,9.98
29,Light,China,Liberica,11,2014,9.98
29,Light,China,Liberica,12,2014,9.98
29,Light,China,Liberica,1,2015,9.98
29,Light,China,Liberica,2,2015,9.98
29,Light,China,Liberica,3,2015,9.98
29,Light,China,Liberica,4,2015,9.98
29,Light,China,Liberica,5,2015,9.98
29,Light,China,Liberica,6,2015,9.98
29,Light,China,Liberica,7,2015,9.98
29,Light,China,Liberica,8,2015,9.98
29,Light,China,Liberica,9,2015,9.98
29,Light,China,Liberica,10,2015,9.98
29,Light,China,Liberica,11,2015,9.98
29,Light,China,Liberica,12,2015,9.98
29,Light,China,Liberica,1,2016,9.98
29,Light,China,Liberica,2,2016,9.98
29,Light,China,Liberica,3,2016,9.98
29,Light,China,Liberica,4,2016,9.98
29,Light,China,Liberica,5,2016,9.98
29,Light,China,Liberica,6,2016,9.98
29,Light,China,Liberica,7,2016,9.98
29,Light,China,Liberica,8,2016,9.98
29,Light,China,Liberica,9,2016,9.98
29,Light,China,Liberica,10,2016,9.98
29,Light,China,Liberica,11,2016,9.98
29,Light,China,Liberica,12,2016,9.98
29,Light,China,Liberica,1,2017,9.98
29,Light,China,Liberica,2,2017,9.98
29,Light,China,Liberica,3,2017,9.98
29,Light,China,Liberica,4,2017,9.98
29,Light,China,Liberica,5,2017,9.98
29,Light,China,Liberica,6,2017,9.98
29,Light,China,Liberica,7,2017,9.98
29,Light,China,Liberica,8,2017,9.98
29,Light,China,Liberica,9,2017,9.98
29,Light,China,Liberica,10,2017,9.98
29,Light,China,Liberica,11,2017,9.98
29,Light,China,Liberica,12,2017,9.98
29,Light,China,Liberica,1,2018,9.98
29,Light,China,Liberica,2,2018,9.98
29,Light,China,Liberica,3,2018,9.98
29,Light,China,Liberica,4,2018,9.98
29,Light,China,Liberica,5,2018,9.98
29,Light,China,Liberica,6,2018,9.98
29,Light,China,Liberica,7,2018,9.98
29,Light,China,Liberica,8,2018,9.98
29,Light,China,Liberica,9,2018,9.98
29,Light,China,Liberica,10,2018,9.98
29,Light,China,Liberica,11,2018,9.98
29,Light,China,Liberica,12,2018,9.98
29,Light,China,Liberica,1,2019,9.98
29,Light,China,Liberica,2,2019,9.98
29,Light,China,Liberica,3,2019,9.98
29,Light,China,Liberica,4,2019,9.98
29,Light,China,Liberica,5,2019,9.98
29,Light,China,Liberica,6,2019,9.98
29,Light,China,Liberica,7,2019,9.98
29,Light,China,Liberica,8,2019,9.98
29,Light,China,Liberica,9,2019,9.98
29,Light,China,Liberica,10,2019,9.98
29,Light,China,Liberica,11,2019,9.98
29,Light,China,Liberica,12,2019,9.98
29,Light,China,Liberica,1,2020,9.98
29,Light,China,Liberica,2,2020,9.98
29,Light,China,Liberica,3,2020,11.34
29,Light,China,Liberica,4,2020,11.34
29,Light,China,Liberica,5,2020,11.94
29,Light,China,Liberica,6,2020,11.73
29,Light,China,Liberica,7,2020,11.73
29,Light,China,Liberica,8,2020,11.73
29,Light,China,Liberica,9,2020,11.73
29,Light,China,Liberica,10,2020,11.73
29,Light,China,Liberica,11,2020,11.73
29,Light,China,Liberica,12,2020,11.73
29,Light,China,Liberica,1,2021,11.73
29,Light,China,Liberica,2,2021,11.73
29,Light,China,Liberica,3,2021,11.73
29,Light,China,Liberica,4,2021,11.73
29,Light,China,Liberica,5,2021,11.73
29,Light,China,Liberica,6,2021,13.43
29,Light,China,Liberica,7,2021,13.43
29,Light,China,Liberica,8,2021,13.43
29,Light,China,Liberica,9,2021,13.43
29,Light,China,Liberica,10,2021,13.43
29,Light,China,Liberica,11,2021,13.43
29,Light,China,Liberica,12,2021,13.43
29,Light,China,Liberica,1,2022,13.43
29,Light,China,Liberica,2,2022,13.43
29,Light,China,Liberica,3,2022,13.43
29,Light,China,Liberica,4,2022,13.43
29,Light,China,Liberica,5,2022,13.43
29,Light,China,Liberica,6,2022,13.96
29,Light,China,Liberica,7,2022,13.96
29,Light,China,Liberica,8,2022,13.96
29,Light,China,Liberica,9,2022,13.96
29,Light,China,Liberica,10,2022,13.96
29,Light,China,Liberica,11,2022,13.96
29,Light,China,Liberica,12,2022,13.96
32,Medium,China,Liberica,1,2013,11.92
32,Medium,China,Liberica,2,2013,12.26
32,Medium,China,Liberica,3,2013,12.26
32,Medium,China,Liberica,4,2013,12.26
32,Medium,China,Liberica,5,2013,12.26
32,Medium,China,Liberica,6,2013,12.26
32,Medium,China,Liberica,7,2013,12.26
32,Medium,China,Liberica,8,2013,12.26
32,Medium,China,Liberica,9,2013,12.26
32,Medium,China,Liberica,10,2013,12.26
32,Medium,China,Liberica,11,2013,12.26
32,Medium,China,Liberica,12,2013,12.26
32,Medium,China,Liberica,1,2014,12.26
32,Medium,China,Liberica,2,2014,12.26
32,Medium,China,Liberica,3,2014,12.26
32,Medium,China,Liberica,4,2014,12.3
32,Medium,China,Liberica,5,2014,12.3
32,Medium,China,Liberica,6,2014,12.3
32,Medium,China,Liberica,7,2014,12.3
32,Medium,China,Liberica,8,2014,12.3
32,Medium,China,Liberica,9,2014,12.89
32,Medium,China,Liberica,10,2014,12.89
32,Medium,China,Liberica,11,2014,12.89
32,Medium,China,Liberica,12,2014,12.89
32,Medium,China,Liberica,1,2015,12.89
32,Medium,China,Liberica,2,2015,12.89
32,Medium,China,Liberica,3,2015,12.89
32,Medium,China,Liberica,4,2015,12.89
32,Medium,China,Liberica,5,2015,12.89
32,Medium,China,Liberica,6,2015,12.89
32,Medium,China,Liberica,7,2015,12.89
32,Medium,China,Liberica,8,2015,12.89
32,Medium,China,Liberica,9,2015,12.89
32,Medium,China,Liberica,10,2015,12.89
32,Medium,China,Liberica,11,2015,12.89
32,Medium,China,Liberica,12,2015,12.89
32,Medium,China,Liberica,1,2016,12.89
32,Medium,China,Liberica,2,2016,12.89
32,Medium,China,Liberica,3,2016,12.89
32,Medium,China,Liberica,4,2016,12.89
32,Medium,China,Liberica,5,2016,14.43
32,Medium,China,Liberica,6,2016,14.43
32,Medium,China,Liberica,7,2016,14.43
32,Medium,China,Liberica,8,2016,14.43
32,Medium,China,Liberica,9,2016,14.43
32,Medium,China,Liberica,10,2016,14.43
32,Medium,China,Liberica,11,2016,14.43
32,Medium,China,Liberica,12,2016,14.43
32,Medium,China,Liberica,1,2017,14.43
32,Medium,China,Liberica,2,2017,14.43
32,Medium,China,Liberica,3,2017,14.43
32,Medium,China,Liberica,4,2017,14.43
32,Medium,China,Liberica,5,2017,14.43
32,Medium,China,Liberica,6,2017,14.43
32,Medium,China,Liberica,7,2017,14.43
32,Medium,China,Liberica,8,2017,14.43
32,Medium,China,Liberica,9,2017,14.66
32,Medium,China,Liberica,10,2017,14.66
32,Medium,China,Liberica,11,2017,14.66
32,Medium,China,Liberica,12,2017,14.66
32,Medium,China,Liberica,1,2018,16.03
32,Medium,China,Liberica,2,2018,16.03
32,Medium,China,Liberica,3,2018,16.03
32,Medium,China,Liberica,4,2018,16.03
32,Medium,China,Liberica,5,2018,16.03
32,Medium,China,Liberica,6,2018,16.03
32,Medium,China,Liberica,7,2018,16.03
32,Medium,China,Liberica,8,2018,16.03
32,Medium,China,Liberica,9,2018,16.03
32,Medium,China,Liberica,10,2018,16.03
32,Medium,China,Liberica,11,2018,16.03
32,Medium,China,Liberica,12,2018,16.03
32,Medium,China,Liberica,1,2019,16.03
32,Medium,China,Liberica,2,2019,16.03
32,Medium,China,Liberica,3,2019,16.03
32,Medium,China,Liberica,4,2019,16.03
32,Medium,China,Liberica,5,2019,16.03
32,Medium,China,Liberica,6,2019,16.03
32,Medium,China,Liberica,7,2019,16.03
32,Medium,China,Liberica,8,2019,16.03
32,Medium,China,Liberica,9,2019,16.03
32,Medium,China,Liberica,10,2019,16.03
32,Medium,China,Liberica,11,2019,16.03
32,Medium,China,Liberica,12,2019,16.03
32,Medium,China,Liberica,1,2020,16.03
32,Medium,China,Liberica,2,2020,16.03
32,Medium,China,Liberica,3,2020,17.34
32,Medium,China,Liberica,4,2020,17.34
32,Medium,China,Liberica,5,2020,17.34
32,Medium,China,Liberica,6,2020,17.34
32,Medium,China,Liberica,7,2020,18.53
32,Medium,China,Liberica,8,2020,19.7
32,Medium,China,Liberica,9,2020,19.7
32,Medium,China,Liberica,10,2020,19.56
32,Medium,China,Liberica,11,2020,21.41
32,Medium,China,Liberica,12,2020,23.38
32,Medium,China,Liberica,1,2021,23.38
32,Medium,China,Liberica,2,2021,23.38
32,Medium,China,Liberica,3,2021,23.39
32,Medium,China,Liberica,4,2021,23.39
32,Medium,China,Liberica,5,2021,23.39
32,Medium,China,Liberica,6,2021,23.39
32,Medium,China,Liberica,7,2021,23.39
32,Medium,China,Liberica,8,2021,23.39
32,Medium,China,Liberica,9,2021,23.5
32,Medium,China,Liberica,10,2021,23.5
32,Medium,China,Liberica,11,2021,23.5
32,Medium,China,Liberica,12,2021,23.5
32,Medium,China,Liberica,1,2022,23.5
32,Medium,China,Liberica,2,2022,23.5
32,Medium,China,Liberica,3,2022,23.5
32,Medium,China,Liberica,4,2022,23.5
32,Medium,China,Liberica,5,2022,23.5
32,Medium,China,Liberica,6,2022,23.5
32,Medium,China,Liberica,7,2022,23.5
32,Medium,China,Liberica,8,2022,23.5
32,Medium,China,Liberica,9,2022,23.5
32,Medium,China,Liberica,10,2022,23.5
32,Medium,China,Liberica,11,2022,23.5
32,Medium,China,Liberica,12,2022,23.5
33,Medium,Colombia,Robusta,1,2013,14.49
33,Medium,Colombia,Robusta,2,2013,14.49
33,Medium,Colombia,Robusta,3,2013,14.49
33,Medium,Colombia,Robusta,4,2013,14.49
33,Medium,Colombia,Robusta,5,2013,14.49
33,Medium,Colombia,Robusta,6,2013,14.49
33,Medium,Colombia,Robusta,7,2013,14.49
33,Medium,Colombia,Robusta,8,2013,14.49
33,Medium,Colombia,Robusta,9,2013,14.49
33,Medium,Colombia,Robusta,10,2013,14.49
33,Medium,Colombia,Robusta,11,2013,14.49
33,Medium,Colombia,Robusta,12,2013,14.49
33,Medium,Colombia,Robusta,1,2014,14.49
33,Medium,Colombia,Robusta,2,2014,14.49
33,Medium,Colombia,Robusta,3,2014,14.49
33,Medium,Colombia,Robusta,4,2014,14.49
33,Medium,Colombia,Robusta,5,2014,14.49
33,Medium,Colombia,Robusta,6,2014,14.49
33,Medium,Colombia,Robusta,7,2014,14.49
33,Medium,Colombia,Robusta,8,2014,14.49
33,Medium,Colombia,Robusta,9,2014,14.49
33,Medium,Colombia,Robusta,10,2014,14.49
33,Medium,Colombia,Robusta,11,2014,14.49
33,Medium,Colombia,Robusta,12,2014,14.73
33,Medium,Colombia,Robusta,1,2015,14.73
33,Medium,Colombia,Robusta,2,2015,14.73
33,Medium,Colombia,Robusta,3,2015,14.73
33,Medium,Colombia,Robusta,4,2015,14.73
33,Medium,Colombia,Robusta,5,2015,14.73
33,Medium,Colombia,Robusta,6,2015,14.73
33,Medium,Colombia,Robusta,7,2015,14.73
33,Medium,Colombia,Robusta,8,2015,14.73
33,Medium,Colombia,Robusta,9,2015,14.73
33,Medium,Colombia,Robusta,10,2015,14.73
33,Medium,Colombia,Robusta,11,2015,14.73
33,Medium,Colombia,Robusta,12,2015,14.73
33,Medium,Colombia,Robusta,1,2016,14.73
33,Medium,Colombia,Robusta,2,2016,14.73
33,Medium,Colombia,Robusta,3,2016,14.73
33,Medium,Colombia,Robusta,4,2016,15.2
33,Medium,Colombia,Robusta,5,2016,16.81
33,Medium,Colombia,Robusta,6,2016,16.81
33,Medium,Colombia,Robusta,7,2016,16.81
33,Medium,Colombia,Robusta,8,2016,16.81
33,Medium,Colombia,Robusta,9,2016,16.81
33,Medium,Colombia,Robusta,10,2016,16.81
33,Medium,Colombia,Robusta,11,2016,16.81
33,Medium,Colombia,Robusta,12,2016,16.81
33,Medium,Colombia,Robusta,1,2017,16.81
33,Medium,Colombia,Robusta,2,2017,16.81
33,Medium,Colombia,Robusta,3,2017,16.81
33,Medium,Colombia,Robusta,4,2017,16.81
33,Medium,Colombia,Robusta,5,2017,16.81
33,Medium,Colombia,Robusta,6,2017,16.81
33,Medium,Colombia,Robusta,7,2017,16.81
33,Medium,Colombia,Robusta,8,2017,16.81
33,Medium,Colombia,Robusta,9,2017,16.81
33,Medium,Colombia,Robusta,10,2017,16.81
33,Medium,Colombia,Robusta,11,2017,16.81
33,Medium,Colombia,Robusta,12,2017,16.81
33,Medium,Colombia,Robusta,1,2018,16.81
33,Medium,Colombia,Robusta,2,2018,16.81
33,Medium,Colombia,Robusta,3,2018,17.49
33,Medium,Colombia,Robusta,4,2018,17.49
33,Medium,Colombia,Robusta,5,2018,17.49
33,Medium,Colombia,Robusta,6,2018,17.49
33,Medium,Colombia,Robusta,7,2018,17.49
33,Medium,Colombia,Robusta,8,2018,17.49
33,Medium,Colombia,Robusta,9,2018,17.49
33,Medium,Colombia,Robusta,10,2018,17.49
33,Medium,Colombia,Robusta,11,2018,17.49
33,Medium,Colombia,Robusta,12,2018,17.49
33,Medium,Colombia,Robusta,1,2019,17.49
33,Medium,Colombia,Robusta,2,2019,17.49
33,Medium,Colombia,Robusta,3,2019,17.49
33,Medium,Colombia,Robusta,4,2019,17.49
33,Medium,Colombia,Robusta,5,2019,17.49
33,Medium,Colombia,Robusta,6,2019,17.49
33,Medium,Colombia,Robusta,7,2019,17.49
33,Medium,Colombia,Robusta,8,2019,17.49
33,Medium,Colombia,Robusta,9,2019,17.49
33,Medium,Colombia,Robusta,10,2019,17.49
33,Medium,Colombia,Robusta,11,2019,17.49
33,Medium,Colombia,Robusta,12,2019,17.49
33,Medium,Colombia,Robusta,1,2020,17.49
33,Medium,Colombia,Robusta,2,2020,19.03
33,Medium,Colombia,Robusta,3,2020,19.03
33,Medium,Colombia,Robusta,4,2020,18.61
33,Medium,Colombia,Robusta,5,2020,18.61
33,Medium,Colombia,Robusta,6,2020,20.31
33,Medium,Colombia,Robusta,7,2020,20.31
33,Medium,Colombia,Robusta,8,2020,20.31
33,Medium,Colombia,Robusta,9,2020,20.31
33,Medium,Colombia,Robusta,10,2020,20.31
33,Medium,Colombia,Robusta,11,2020,20.11
33,Medium,Colombia,Robusta,12,2020,20.11
33,Medium,Colombia,Robusta,1,2021,20.11
33,Medium,Colombia,Robusta,2,2021,20.11
33,Medium,Colombia,Robusta,3,2021,20.11
33,Medium,Colombia,Robusta,4,2021,20.11
33,Medium,Colombia,Robusta,5,2021,20.11
33,Medium,Colombia,Robusta,6,2021,20.11
33,Medium,Colombia,Robusta,7,2021,20.11
33,Medium,Colombia,Robusta,8,2021,21.11
33,Medium,Colombia,Robusta,9,2021,21.11
33,Medium,Colombia,Robusta,10,2021,21.11
33,Medium,Colombia,Robusta,11,2021,21.11
33,Medium,Colombia,Robusta,12,2021,21.11
33,Medium,Colombia,Robusta,1,2022,21.11
33,Medium,Colombia,Robusta,2,2022,21.11
33,Medium,Colombia,Robusta,3,2022,21.11
33,Medium,Colombia,Robusta,4,2022,21.11
33,Medium,Colombia,Robusta,5,2022,21.11
33,Medium,Colombia,Robusta,6,2022,21.11
33,Medium,Colombia,Robusta,7,2022,22.69
33,Medium,Colombia,Robusta,8,2022,22.69
33,Medium,Colombia,Robusta,9,2022,22.69
33,Medium,Colombia,Robusta,10,2022,22.69
33,Medium,Colombia,Robusta,11,2022,22.69
33,Medium,Colombia,Robusta,12,2022,22.69
